"","警察機關查獲毒品嫌疑犯人數─按年齡別分"
"","總計 / 年齡別總計 ","總計 /  0- 5歲 ","總計 /  6-11歲 ","總計 / 12-17歲 ","總計 / 18-23歲 ","總計 / 24-29歲 ","總計 / 30-39歲 ","總計 / 40-49歲 ","總計 / 50-59歲 ","總計 / 60-64歲 ","總計 / 65-69歲 ","總計 / 70歲以上 ","總計 / 不詳 ","男 / 年齡別總計 ","男 /  0- 5歲 ","男 /  6-11歲 ","男 / 12-17歲 ","男 / 18-23歲 ","男 / 24-29歲 ","男 / 30-39歲 ","男 / 40-49歲 ","男 / 50-59歲 ","男 / 60-64歲 ","男 / 65-69歲 ","男 / 70歲以上 ","男 / 不詳 ","女 / 年齡別總計 ","女 /  0- 5歲 ","女 /  6-11歲 ","女 / 12-17歲 ","女 / 18-23歲 ","女 / 24-29歲 ","女 / 30-39歲 ","女 / 40-49歲 ","女 / 50-59歲 ","女 / 60-64歲 ","女 / 65-69歲 ","女 / 70歲以上 ","女 / 不詳 "
"89年"," 49,797","      -","      6","  1,899"," 13,125"," 15,042"," 13,847","  4,955","    664","    132","      -","    116","     11"," 43,031","      -","      5","  1,310"," 10,410"," 13,333"," 12,583","  4,546","    606","    121","      -","    108","      9","  6,766","      -","      1","    589","  2,715","  1,709","  1,264","    409","     58","     11","      -","      8","      2"
"89年 1月","  7,197","      -","      2","    332","  2,043","  2,025","  1,952","    690","    103","     22","      -","     27","      1","  6,207","      -","      2","    227","  1,644","  1,803","  1,765","    627","     95","     19","      -","     25","      -","    990","      -","      -","    105","    399","    222","    187","     63","      8","      3","      -","      2","      1"
"89年 2月","  6,221","      -","      -","    234","  1,704","  1,881","  1,727","    573","     72","     18","      -","     12","      -","  5,430","      -","      -","    167","  1,386","  1,679","  1,572","    530","     68","     18","      -","     10","      -","    791","      -","      -","     67","    318","    202","    155","     43","      4","      -","      -","      2","      -"
"89年 3月","  3,372","      -","      -","    139","    935","  1,014","    891","    332","     40","     16","      -","      4","      1","  2,933","      -","      -","    103","    746","    912","    821","    296","     35","     15","      -","      4","      1","    439","      -","      -","     36","    189","    102","     70","     36","      5","      1","      -","      -","      -"
"89年 4月","  3,458","      -","      -","    143","    887","  1,058","    955","    356","     46","      8","      -","      5","      -","  2,988","      -","      -","    105","    713","    945","    857","    317","     39","      7","      -","      5","      -","    470","      -","      -","     38","    174","    113","     98","     39","      7","      1","      -","      -","      -"
"89年 5月","  4,003","      -","      1","    162","  1,072","  1,249","  1,111","    343","     47","     13","      -","      5","      -","  3,479","      -","      1","    115","    867","  1,105","  1,010","    320","     44","     12","      -","      5","      -","    524","      -","      -","     47","    205","    144","    101","     23","      3","      1","      -","      -","      -"
"89年 6月","  3,491","      -","      -","    147","    912","  1,051","    968","    347","     50","     10","      -","      6","      -","  3,054","      -","      -","    107","    732","    943","    894","    316","     46","     10","      -","      6","      -","    437","      -","      -","     40","    180","    108","     74","     31","      4","      -","      -","      -","      -"
"89年 7月","  3,936","      -","      -","    157","  1,037","  1,162","  1,110","    409","     47","      7","      -","      6","      1","  3,341","      -","      -","    111","    804","    996","    999","    378","     41","      5","      -","      6","      1","    595","      -","      -","     46","    233","    166","    111","     31","      6","      2","      -","      -","      -"
"89年 8月","  3,831","      -","      2","    141","    956","  1,174","  1,078","    413","     47","     10","      -","      8","      2","  3,291","      -","      1","     90","    722","  1,049","    990","    376","     43","     10","      -","      8","      2","    540","      -","      1","     51","    234","    125","     88","     37","      4","      -","      -","      -","      -"
"89年 9月","  3,431","      -","      -","    111","    907","  1,037","    965","    339","     48","     12","      -","     12","      -","  2,976","      -","      -","     75","    704","    921","    888","    322","     46","     10","      -","     10","      -","    455","      -","      -","     36","    203","    116","     77","     17","      2","      2","      -","      2","      -"
"89年 10月","  4,047","      -","      -","    125","  1,005","  1,286","  1,126","    422","     60","      6","      -","     13","      4","  3,456","      -","      -","     74","    783","  1,124","  1,020","    380","     54","      6","      -","     12","      3","    591","      -","      -","     51","    222","    162","    106","     42","      6","      -","      -","      1","      1"
"89年 11月","  3,811","      -","      -","    118","    983","  1,167","  1,089","    386","     49","      6","      -","     11","      2","  3,283","      -","      -","     77","    765","  1,031","    989","    361","     43","      5","      -","     10","      2","    528","      -","      -","     41","    218","    136","    100","     25","      6","      1","      -","      1","      -"
"89年 12月","  2,999","      -","      1","     90","    684","    938","    875","    345","     55","      4","      -","      7","      -","  2,593","      -","      1","     59","    544","    825","    778","    323","     52","      4","      -","      7","      -","    406","      -","      -","     31","    140","    113","     97","     22","      3","      -","      -","      -","      -"
"90年"," 34,434","      -","      -","    922","  7,774"," 10,786"," 10,271","  3,883","    623","     97","      -","     74","      4"," 29,554","      -","      -","    570","  5,903","  9,413","  9,368","  3,560","    578","     90","      -","     68","      4","  4,880","      -","      -","    352","  1,871","  1,373","    903","    323","     45","      7","      -","      6","      -"
"90年 1月","  3,728","      -","      -","    116","    891","  1,121","  1,081","    405","     82","     19","      -","     12","      1","  3,229","      -","      -","     76","    693","  1,001","    992","    365","     72","     19","      -","     10","      1","    499","      -","      -","     40","    198","    120","     89","     40","     10","      -","      -","      2","      -"
"90年 2月","  2,333","      -","      -","     63","    514","    738","    695","    267","     44","      6","      -","      6","      -","  2,041","      -","      -","     44","    409","    653","    632","    250","     43","      5","      -","      5","      -","    292","      -","      -","     19","    105","     85","     63","     17","      1","      1","      -","      1","      -"
"90年 3月","  2,888","      -","      -","     80","    661","    909","    841","    338","     49","      4","      -","      6","      -","  2,506","      -","      -","     56","    523","    792","    771","    309","     45","      4","      -","      6","      -","    382","      -","      -","     24","    138","    117","     70","     29","      4","      -","      -","      -","      -"
"90年 4月","  2,895","      -","      -","     81","    683","    921","    807","    338","     49","      5","      -","     11","      -","  2,499","      -","      -","     47","    531","    815","    736","    311","     43","      5","      -","     11","      -","    396","      -","      -","     34","    152","    106","     71","     27","      6","      -","      -","      -","      -"
"90年 5月","  3,302","      -","      -","     98","    732","  1,051","    992","    359","     53","      4","      -","     12","      1","  2,796","      -","      -","     58","    547","    901","    893","    332","     49","      3","      -","     12","      1","    506","      -","      -","     40","    185","    150","     99","     27","      4","      1","      -","      -","      -"
"90年 6月","  2,718","      -","      -","     72","    618","    848","    811","    313","     41","      7","      -","      8","      -","  2,352","      -","      -","     45","    475","    748","    748","    281","     40","      7","      -","      8","      -","    366","      -","      -","     27","    143","    100","     63","     32","      1","      -","      -","      -","      -"
"90年 7月","  2,697","      -","      -","     78","    578","    868","    818","    293","     47","      9","      -","      4","      2","  2,333","      -","      -","     51","    423","    776","    756","    268","     45","      9","      -","      3","      2","    364","      -","      -","     27","    155","     92","     62","     25","      2","      -","      -","      1","      -"
"90年 8月","  3,238","      -","      -","     69","    700","  1,045","  1,006","    352","     53","      9","      -","      4","      -","  2,759","      -","      -","     43","    523","    896","    912","    324","     48","      9","      -","      4","      -","    479","      -","      -","     26","    177","    149","     94","     28","      5","      -","      -","      -","      -"
"90年 9月","  2,763","      -","      -","     69","    599","    854","    855","    333","     47","      6","      -","      -","      -","  2,371","      -","      -","     36","    462","    750","    772","    301","     45","      5","      -","      -","      -","    392","      -","      -","     33","    137","    104","     83","     32","      2","      1","      -","      -","      -"
"90年 10月","  2,903","      -","      -","     73","    694","    885","    865","    323","     56","      5","      -","      2","      -","  2,435","      -","      -","     43","    504","    753","    778","    296","     54","      5","      -","      2","      -","    468","      -","      -","     30","    190","    132","     87","     27","      2","      -","      -","      -","      -"
"90年 11月","  2,727","      -","      -","     58","    598","    853","    826","    317","     56","     14","      -","      5","      -","  2,341","      -","      -","     37","    441","    736","    762","    296","     53","     12","      -","      4","      -","    386","      -","      -","     21","    157","    117","     64","     21","      3","      2","      -","      1","      -"
"90年 12月","  2,242","      -","      -","     65","    506","    693","    674","    245","     46","      9","      -","      4","      -","  1,892","      -","      -","     34","    372","    592","    616","    227","     41","      7","      -","      3","      -","    350","      -","      -","     31","    134","    101","     58","     18","      5","      2","      -","      1","      -"
"91年"," 30,643","      -","      -","  1,073","  7,522","  9,102","  8,912","  3,358","    566","     66","     20","     23","      1"," 25,931","      -","      -","    641","  5,576","  7,882","  8,065","  3,140","    529","     60","     18","     19","      1","  4,712","      -","      -","    432","  1,946","  1,220","    847","    218","     37","      6","      2","      4","      -"
"91年 1月","  1,382","      -","      -","     32","    294","    402","    430","    176","     37","      9","      1","      1","      -","  1,172","      -","      -","     18","    211","    344","    392","    162","     34","      9","      1","      1","      -","    210","      -","      -","     14","     83","     58","     38","     14","      3","      -","      -","      -","      -"
"91年 2月","  3,045","      -","      -","     77","    619","    969","    935","    365","     63","      7","      5","      5","      -","  2,622","      -","      -","     50","    450","    876","    843","    331","     58","      5","      5","      4","      -","    423","      -","      -","     27","    169","     93","     92","     34","      5","      2","      -","      1","      -"
"91年 3月","  2,051","      -","      -","     55","    495","    588","    627","    251","     29","      4","      1","      1","      -","  1,772","      -","      -","     31","    385","    513","    569","    241","     27","      4","      1","      1","      -","    279","      -","      -","     24","    110","     75","     58","     10","      2","      -","      -","      -","      -"
"91年 4月","  2,321","      -","      -","     57","    529","    733","    683","    261","     49","      5","      1","      3","      -","  2,009","      -","      -","     29","    420","    652","    611","    244","     44","      5","      1","      3","      -","    312","      -","      -","     28","    109","     81","     72","     17","      5","      -","      -","      -","      -"
"91年 5月","  2,410","      -","      -","    131","    603","    676","    673","    261","     52","      8","      -","      6","      -","  2,066","      -","      -","     71","    477","    594","    620","    245","     48","      6","      -","      5","      -","    344","      -","      -","     60","    126","     82","     53","     16","      4","      2","      -","      1","      -"
"91年 6月","  2,766","      -","      -","    111","    726","    788","    804","    261","     65","      7","      2","      1","      1","  2,309","      -","      -","     64","    537","    667","    727","    243","     61","      7","      2","      -","      1","    457","      -","      -","     47","    189","    121","     77","     18","      4","      -","      -","      1","      -"
"91年 7月","  2,966","      -","      -","    186","    884","    834","    749","    274","     34","      2","      2","      1","      -","  2,464","      -","      -","    111","    651","    721","    682","    261","     34","      2","      1","      1","      -","    502","      -","      -","     75","    233","    113","     67","     13","      -","      -","      1","      -","      -"
"91年 8月","  3,259","      -","      -","    109","    959","    958","    872","    299","     51","      7","      3","      1","      -","  2,702","      -","      -","     73","    688","    810","    791","    282","     47","      7","      3","      1","      -","    557","      -","      -","     36","    271","    148","     81","     17","      4","      -","      -","      -","      -"
"91年 9月","  2,741","      -","      -","     62","    668","    840","    799","    324","     42","      4","      2","      -","      -","  2,299","      -","      -","     41","    483","    713","    725","    296","     36","      4","      1","      -","      -","    442","      -","      -","     21","    185","    127","     74","     28","      6","      -","      1","      -","      -"
"91年 10月","  2,699","      -","      -","    136","    605","    796","    819","    283","     54","      3","      2","      1","      -","  2,252","      -","      -","     79","    442","    676","    728","    269","     52","      3","      2","      1","      -","    447","      -","      -","     57","    163","    120","     91","     14","      2","      -","      -","      -","      -"
"91年 11月","  2,429","      -","      -","     54","    545","    742","    753","    288","     41","      5","      1","      -","      -","  2,081","      -","      -","     39","    396","    648","    680","    272","     41","      4","      1","      -","      -","    348","      -","      -","     15","    149","     94","     73","     16","      -","      1","      -","      -","      -"
"91年 12月","  2,574","      -","      -","     63","    595","    776","    768","    315","     49","      5","      -","      3","      -","  2,183","      -","      -","     35","    436","    668","    697","    294","     47","      4","      -","      2","      -","    391","      -","      -","     28","    159","    108","     71","     21","      2","      1","      -","      1","      -"
"92年"," 28,921","      -","      -","    783","  5,702","  9,151","  8,933","  3,608","    651","     53","     22","     18","      -"," 24,407","      -","      -","    449","  4,139","  7,737","  8,059","  3,349","    595","     46","     18","     15","      -","  4,514","      -","      -","    334","  1,563","  1,414","    874","    259","     56","      7","      4","      3","      -"
"92年 1月","  3,203","      -","      -","     81","    654","  1,009","    978","    396","     75","      7","      3","      -","      -","  2,714","      -","      -","     44","    471","    859","    896","    369","     66","      7","      2","      -","      -","    489","      -","      -","     37","    183","    150","     82","     27","      9","      -","      1","      -","      -"
"92年 2月","  1,917","      -","      -","     45","    356","    624","    602","    240","     43","      6","      -","      1","      -","  1,621","      -","      -","     24","    252","    540","    534","    226","     39","      5","      -","      1","      -","    296","      -","      -","     21","    104","     84","     68","     14","      4","      1","      -","      -","      -"
"92年 3月","  2,417","      -","      -","     78","    560","    751","    740","    233","     47","      4","      1","      3","      -","  2,036","      -","      -","     51","    422","    629","    665","    221","     42","      3","      1","      2","      -","    381","      -","      -","     27","    138","    122","     75","     12","      5","      1","      -","      1","      -"
"92年 4月","  2,657","      -","      -","     53","    560","    853","    781","    353","     51","      4","      1","      1","      -","  2,253","      -","      -","     29","    415","    698","    721","    336","     48","      4","      1","      1","      -","    404","      -","      -","     24","    145","    155","     60","     17","      3","      -","      -","      -","      -"
"92年 5月","  2,621","      -","      -","     80","    507","    847","    790","    322","     62","      8","      4","      1","      -","  2,201","      -","      -","     45","    363","    726","    711","    293","     57","      3","      2","      1","      -","    420","      -","      -","     35","    144","    121","     79","     29","      5","      5","      2","      -","      -"
"92年 6月","  2,410","      -","      -","     69","    434","    757","    749","    332","     62","      4","      3","      -","      -","  2,000","      -","      -","     39","    302","    636","    659","    302","     55","      4","      3","      -","      -","    410","      -","      -","     30","    132","    121","     90","     30","      7","      -","      -","      -","      -"
"92年 7月","  2,289","      -","      -","     89","    411","    690","    739","    313","     40","      4","      1","      2","      -","  1,954","      -","      -","     47","    304","    602","    665","    292","     38","      4","      -","      2","      -","    335","      -","      -","     42","    107","     88","     74","     21","      2","      -","      1","      -","      -"
"92年 8月","  2,328","      -","      -","     72","    465","    729","    704","    299","     54","      4","      -","      1","      -","  1,954","      -","      -","     40","    338","    608","    632","    280","     51","      4","      -","      1","      -","    374","      -","      -","     32","    127","    121","     72","     19","      3","      -","      -","      -","      -"
"92年 9月","  2,254","      -","      -","     62","    425","    724","    723","    259","     53","      5","      2","      1","      -","  1,922","      -","      -","     32","    321","    614","    655","    242","     51","      5","      2","      -","      -","    332","      -","      -","     30","    104","    110","     68","     17","      2","      -","      -","      1","      -"
"92年 10月","  2,480","      -","      -","     57","    548","    760","    747","    298","     60","      4","      1","      5","      -","  2,116","      -","      -","     39","    403","    652","    686","    277","     50","      4","      1","      4","      -","    364","      -","      -","     18","    145","    108","     61","     21","     10","      -","      -","      1","      -"
"92年 11月","  2,254","      -","      -","     39","    406","    741","    706","    303","     52","      2","      2","      3","      -","  1,884","      -","      -","     22","    291","    613","    627","    274","     50","      2","      2","      3","      -","    370","      -","      -","     17","    115","    128","     79","     29","      2","      -","      -","      -","      -"
"92年 12月","  2,091","      -","      -","     58","    376","    666","    674","    260","     52","      1","      4","      -","      -","  1,752","      -","      -","     37","    257","    560","    608","    237","     48","      1","      4","      -","      -","    339","      -","      -","     21","    119","    106","     66","     23","      4","      -","      -","      -","      -"
"93年"," 40,136","      -","      1","    712","  6,065"," 13,082"," 13,424","  5,668","  1,037","     94","     29","     24","      -"," 34,178","      -","      -","    443","  4,308"," 11,054"," 12,015","  5,264","    959","     88","     26","     21","      -","  5,958","      -","      1","    269","  1,757","  2,028","  1,409","    404","     78","      6","      3","      3","      -"
"93年 1月","  3,038","      -","      -","     61","    517","    987","    942","    432","     77","     14","      4","      4","      -","  2,568","      -","      -","     39","    358","    829","    849","    400","     72","     14","      4","      3","      -","    470","      -","      -","     22","    159","    158","     93","     32","      5","      -","      -","      1","      -"
"93年 2月","  2,693","      -","      -","     62","    463","    869","    908","    332","     51","      4","      2","      2","      -","  2,326","      -","      -","     43","    328","    760","    830","    312","     47","      4","      1","      1","      -","    367","      -","      -","     19","    135","    109","     78","     20","      4","      -","      1","      1","      -"
"93年 3月","  2,649","      -","      -","     59","    414","    857","    842","    393","     76","      4","      2","      2","      -","  2,259","      -","      -","     40","    303","    725","    756","    360","     69","      3","      1","      2","      -","    390","      -","      -","     19","    111","    132","     86","     33","      7","      1","      1","      -","      -"
"93年 4月","  2,751","      -","      -","     44","    417","    917","    919","    377","     68","      7","      -","      2","      -","  2,381","      -","      -","     26","    306","    798","    839","    343","     61","      6","      -","      2","      -","    370","      -","      -","     18","    111","    119","     80","     34","      7","      1","      -","      -","      -"
"93年 5月","  2,948","      -","      -","     42","    440","    915","  1,033","    435","     77","      2","      2","      2","      -","  2,527","      -","      -","     27","    306","    781","    932","    403","     72","      2","      2","      2","      -","    421","      -","      -","     15","    134","    134","    101","     32","      5","      -","      -","      -","      -"
"93年 6月","  2,884","      -","      -","     44","    453","    924","    947","    434","     72","      5","      4","      1","      -","  2,489","      -","      -","     29","    336","    787","    860","    403","     66","      3","      4","      1","      -","    395","      -","      -","     15","    117","    137","     87","     31","      6","      2","      -","      -","      -"
"93年 7月","  3,950","      -","      -","     90","    606","  1,289","  1,305","    551","     98","     10","      1","      -","      -","  3,304","      -","      -","     53","    421","  1,084","  1,135","    512","     90","      8","      1","      -","      -","    646","      -","      -","     37","    185","    205","    170","     39","      8","      2","      -","      -","      -"
"93年 8月","  3,995","      -","      -","    102","    685","  1,267","  1,265","    543","    115","     11","      5","      2","      -","  3,340","      -","      -","     57","    479","  1,039","  1,133","    505","    109","     11","      5","      2","      -","    655","      -","      -","     45","    206","    228","    132","     38","      6","      -","      -","      -","      -"
"93年 9月","  3,745","      -","      1","     58","    564","  1,210","  1,261","    551","     85","      7","      4","      4","      -","  3,187","      -","      -","     40","    386","  1,016","  1,135","    518","     79","      7","      3","      3","      -","    558","      -","      1","     18","    178","    194","    126","     33","      6","      -","      1","      1","      -"
"93年 10月","  3,735","      -","      -","     47","    515","  1,222","  1,274","    552","    105","     16","      3","      1","      -","  3,203","      -","      -","     28","    370","  1,041","  1,128","    516","    100","     16","      3","      1","      -","    532","      -","      -","     19","    145","    181","    146","     36","      5","      -","      -","      -","      -"
"93年 11月","  4,330","      -","      -","     66","    557","  1,472","  1,501","    596","    124","      9","      1","      4","      -","  3,648","      -","      -","     39","    394","  1,222","  1,313","    554","    112","      9","      1","      4","      -","    682","      -","      -","     27","    163","    250","    188","     42","     12","      -","      -","      -","      -"
"93年 12月","  3,418","      -","      -","     37","    434","  1,153","  1,227","    472","     89","      5","      1","      -","      -","  2,946","      -","      -","     22","    321","    972","  1,105","    438","     82","      5","      1","      -","      -","    472","      -","      -","     15","    113","    181","    122","     34","      7","      -","      -","      -","      -"
"94年"," 51,376","      -","      3","    645","  6,111"," 15,951"," 18,615","  8,169","  1,638","    150","     51","     43","      -"," 43,188","      -","      1","    373","  4,189"," 12,875"," 16,500","  7,483","  1,535","    142","     49","     41","      -","  8,188","      -","      2","    272","  1,922","  3,076","  2,115","    686","    103","      8","      2","      2","      -"
"94年 1月","  5,612","      -","      -","     62","    693","  1,749","  2,039","    862","    185","     17","      4","      1","      -","  4,750","      -","      -","     43","    489","  1,446","  1,807","    777","    168","     15","      4","      1","      -","    862","      -","      -","     19","    204","    303","    232","     85","     17","      2","      -","      -","      -"
"94年 2月","  3,708","      -","      -","     54","    474","  1,169","  1,301","    580","    109","     16","      3","      2","      -","  3,106","      -","      -","     27","    317","    955","  1,146","    535","    106","     15","      3","      2","      -","    602","      -","      -","     27","    157","    214","    155","     45","      3","      1","      -","      -","      -"
"94年 3月","  3,978","      -","      -","     50","    480","  1,293","  1,426","    593","    112","     16","      5","      3","      -","  3,373","      -","      -","     33","    327","  1,061","  1,276","    548","    104","     16","      5","      3","      -","    605","      -","      -","     17","    153","    232","    150","     45","      8","      -","      -","      -","      -"
"94年 4月","  4,042","      -","      1","     49","    571","  1,312","  1,339","    642","    114","      4","      2","      8","      -","  3,446","      -","      1","     32","    397","  1,089","  1,207","    600","    108","      3","      1","      8","      -","    596","      -","      -","     17","    174","    223","    132","     42","      6","      1","      1","      -","      -"
"94年 5月","  4,460","      -","      -","     77","    608","  1,416","  1,500","    678","    152","     17","      4","      8","      -","  3,723","      -","      -","     35","    417","  1,153","  1,336","    616","    138","     17","      4","      7","      -","    737","      -","      -","     42","    191","    263","    164","     62","     14","      -","      -","      1","      -"
"94年 6月","  4,090","      -","      -","     49","    525","  1,230","  1,488","    648","    132","     10","      3","      5","      -","  3,453","      -","      -","     26","    372","    995","  1,329","    588","    125","     10","      3","      5","      -","    637","      -","      -","     23","    153","    235","    159","     60","      7","      -","      -","      -","      -"
"94年 7月","  4,825","      -","      -","     73","    546","  1,478","  1,805","    755","    152","     13","      2","      1","      -","  4,029","      -","      -","     30","    376","  1,182","  1,581","    702","    142","     13","      2","      1","      -","    796","      -","      -","     43","    170","    296","    224","     53","     10","      -","      -","      -","      -"
"94年 8月","  5,166","      -","      -","     80","    617","  1,575","  1,894","    830","    150","     10","      7","      3","      -","  4,303","      -","      -","     49","    427","  1,268","  1,649","    750","    141","     10","      6","      3","      -","    863","      -","      -","     31","    190","    307","    245","     80","      9","      -","      1","      -","      -"
"94年 9月","  4,638","      -","      1","     43","    503","  1,432","  1,717","    766","    155","      8","     11","      2","      -","  3,909","      -","      -","     32","    345","  1,123","  1,547","    694","    147","      8","     11","      2","      -","    729","      -","      1","     11","    158","    309","    170","     72","      8","      -","      -","      -","      -"
"94年 10月","  4,239","      -","      1","     41","    442","  1,317","  1,577","    693","    145","     16","      5","      2","      -","  3,519","      -","      -","     26","    274","  1,054","  1,377","    628","    139","     14","      5","      2","      -","    720","      -","      1","     15","    168","    263","    200","     65","      6","      2","      -","      -","      -"
"94年 11月","  3,710","      -","      -","     50","    362","  1,106","  1,419","    622","    131","     16","      1","      3","      -","  3,132","      -","      -","     29","    249","    873","  1,259","    580","    125","     14","      1","      2","      -","    578","      -","      -","     21","    113","    233","    160","     42","      6","      2","      -","      1","      -"
"94年 12月","  2,908","      -","      -","     17","    290","    874","  1,110","    500","    101","      7","      4","      5","      -","  2,445","      -","      -","     11","    199","    676","    986","    465","     92","      7","      4","      5","      -","    463","      -","      -","      6","     91","    198","    124","     35","      9","      -","      -","      -","      -"
"95年"," 47,257","      -","      -","    518","  4,488"," 13,223"," 18,047","  8,955","  1,829","    119","     50","     27","      1"," 39,461","      -","      -","    304","  3,067"," 10,295"," 15,692","  8,210","  1,712","    106","     49","     26","      -","  7,796","      -","      -","    214","  1,421","  2,928","  2,355","    745","    117","     13","      1","      1","      1"
"95年 1月","  4,772","      -","      -","     44","    449","  1,392","  1,789","    892","    185","     12","      6","      3","      -","  4,000","      -","      -","     23","    312","  1,100","  1,547","    821","    177","     12","      6","      2","      -","    772","      -","      -","     21","    137","    292","    242","     71","      8","      -","      -","      1","      -"
"95年 2月","  3,473","      -","      -","     31","    382","    948","  1,287","    680","    125","     13","      6","      1","      -","  2,881","      -","      -","     18","    260","    721","  1,115","    629","    120","     11","      6","      1","      -","    592","      -","      -","     13","    122","    227","    172","     51","      5","      2","      -","      -","      -"
"95年 3月","  3,538","      -","      -","     34","    379","  1,057","  1,309","    614","    133","      9","      1","      2","      -","  2,940","      -","      -","     16","    254","    813","  1,157","    562","    128","      7","      1","      2","      -","    598","      -","      -","     18","    125","    244","    152","     52","      5","      2","      -","      -","      -"
"95年 4月","  3,986","      -","      -","     65","    440","  1,093","  1,551","    709","    119","      4","      4","      1","      -","  3,304","      -","      -","     43","    276","    843","  1,373","    651","    109","      4","      4","      1","      -","    682","      -","      -","     22","    164","    250","    178","     58","     10","      -","      -","      -","      -"
"95年 5月","  3,624","      -","      -","     53","    382","  1,015","  1,373","    666","    122","      4","      7","      2","      -","  2,977","      -","      -","     23","    266","    776","  1,168","    618","    113","      4","      7","      2","      -","    647","      -","      -","     30","    116","    239","    205","     48","      9","      -","      -","      -","      -"
"95年 6月","  3,292","      -","      -","     28","    343","    912","  1,267","    615","    112","      6","      7","      2","      -","  2,742","      -","      -","     17","    231","    714","  1,093","    565","    109","      5","      6","      2","      -","    550","      -","      -","     11","    112","    198","    174","     50","      3","      1","      1","      -","      -"
"95年 7月","  3,982","      -","      -","     55","    365","  1,119","  1,502","    781","    148","      5","      4","      3","      -","  3,297","      -","      -","     39","    240","    851","  1,300","    715","    141","      4","      4","      3","      -","    685","      -","      -","     16","    125","    268","    202","     66","      7","      1","      -","      -","      -"
"95年 8月","  5,419","      -","      -","     95","    455","  1,488","  2,048","  1,064","    244","     16","      6","      3","      -","  4,508","      -","      -","     49","    311","  1,167","  1,755","    982","    221","     14","      6","      3","      -","    911","      -","      -","     46","    144","    321","    293","     82","     23","      2","      -","      -","      -"
"95年 9月","  3,866","      -","      -","     24","    340","  1,048","  1,527","    734","    171","     18","      1","      3","      -","  3,244","      -","      -","     17","    229","    831","  1,325","    667","    155","     16","      1","      3","      -","    622","      -","      -","      7","    111","    217","    202","     67","     16","      2","      -","      -","      -"
"95年 10月","  3,590","      -","      -","     38","    322","    966","  1,405","    707","    142","      9","      -","      1","      -","  3,014","      -","      -","     20","    231","    749","  1,230","    640","    136","      7","      -","      1","      -","    576","      -","      -","     18","     91","    217","    175","     67","      6","      2","      -","      -","      -"
"95年 11月","  4,242","      -","      -","     19","    341","  1,229","  1,615","    841","    179","     12","      4","      1","      1","  3,633","      -","      -","     15","    248","    993","  1,428","    768","    165","     11","      4","      1","      -","    609","      -","      -","      4","     93","    236","    187","     73","     14","      1","      -","      -","      1"
"95年 12月","  3,473","      -","      -","     32","    290","    956","  1,374","    652","    149","     11","      4","      5","      -","  2,921","      -","      -","     24","    209","    737","  1,201","    592","    138","     11","      4","      5","      -","    552","      -","      -","      8","     81","    219","    173","     60","     11","      -","      -","      -","      -"
"96年"," 53,681","      -","      -","    602","  4,688"," 14,364"," 21,028"," 10,188","  2,492","    187","     79","     53","      -"," 45,663","      -","      -","    399","  3,355"," 11,606"," 18,334","  9,336","  2,333","    177","     73","     50","      -","  8,018","      -","      -","    203","  1,333","  2,758","  2,694","    852","    159","     10","      6","      3","      -"
"96年 1月","  3,425","      -","      -","     26","    347","    851","  1,380","    632","    168","     14","      4","      3","      -","  2,891","      -","      -","     17","    246","    695","  1,195","    560","    159","     12","      4","      3","      -","    534","      -","      -","      9","    101","    156","    185","     72","      9","      2","      -","      -","      -"
"96年 2月","  5,420","      -","      -","     39","    432","  1,469","  2,153","  1,046","    251","     22","      5","      3","      -","  4,572","      -","      -","     22","    316","  1,182","  1,861","    937","    227","     20","      4","      3","      -","    848","      -","      -","     17","    116","    287","    292","    109","     24","      2","      1","      -","      -"
"96年 3月","  4,357","      -","      -","     40","    383","  1,225","  1,625","    862","    192","     15","      9","      6","      -","  3,666","      -","      -","     26","    273","    969","  1,405","    786","    180","     13","      9","      5","      -","    691","      -","      -","     14","    110","    256","    220","     76","     12","      2","      -","      1","      -"
"96年 4月","  3,575","      -","      -","     35","    343","  1,019","  1,343","    666","    152","      5","      6","      6","      -","  3,025","      -","      -","     24","    248","    804","  1,173","    614","    146","      5","      5","      6","      -","    550","      -","      -","     11","     95","    215","    170","     52","      6","      -","      1","      -","      -"
"96年 5月","  4,255","      -","      -","     58","    387","  1,186","  1,621","    796","    181","     12","      8","      6","      -","  3,561","      -","      -","     39","    277","    949","  1,384","    717","    171","     11","      7","      6","      -","    694","      -","      -","     19","    110","    237","    237","     79","     10","      1","      1","      -","      -"
"96年 6月","  3,667","      -","      -","     33","    349","    965","  1,439","    677","    182","     15","      4","      3","      -","  3,099","      -","      -","     24","    235","    779","  1,254","    622","    166","     14","      3","      2","      -","    568","      -","      -","      9","    114","    186","    185","     55","     16","      1","      1","      1","      -"
"96年 7月","  5,347","      -","      -","     90","    495","  1,433","  2,084","    976","    245","     13","      6","      5","      -","  4,473","      -","      -","     55","    323","  1,128","  1,826","    893","    224","     13","      6","      5","      -","    874","      -","      -","     35","    172","    305","    258","     83","     21","      -","      -","      -","      -"
"96年 8月","  5,552","      -","      -","     91","    465","  1,461","  2,175","  1,083","    251","     17","      6","      3","      -","  4,772","      -","      -","     59","    337","  1,214","  1,899","  1,001","    237","     17","      5","      3","      -","    780","      -","      -","     32","    128","    247","    276","     82","     14","      -","      1","      -","      -"
"96年 9月","  4,750","      -","      -","     50","    382","  1,252","  1,927","    886","    225","     14","     10","      4","      -","  4,077","      -","      -","     28","    282","  1,005","  1,698","    821","    216","     14","     10","      3","      -","    673","      -","      -","     22","    100","    247","    229","     65","      9","      -","      -","      1","      -"
"96年 10月","  4,902","      -","      -","     39","    394","  1,316","  1,916","    981","    227","     19","      5","      5","      -","  4,226","      -","      -","     27","    292","  1,073","  1,681","    912","    213","     18","      5","      5","      -","    676","      -","      -","     12","    102","    243","    235","     69","     14","      1","      -","      -","      -"
"96年 11月","  4,447","      -","      -","     51","    362","  1,195","  1,743","    827","    235","     23","      7","      4","      -","  3,891","      -","      -","     38","    278","    991","  1,555","    773","    223","     22","      7","      4","      -","    556","      -","      -","     13","     84","    204","    188","     54","     12","      1","      -","      -","      -"
"96年 12月","  3,984","      -","      -","     50","    349","    992","  1,622","    756","    183","     18","      9","      5","      -","  3,410","      -","      -","     40","    248","    817","  1,403","    700","    171","     18","      8","      5","      -","    574","      -","      -","     10","    101","    175","    219","     56","     12","      -","      1","      -","      -"
"97年"," 52,762","      -","      -","    607","  3,971"," 12,381"," 21,823"," 10,773","  2,889","    184","     80","     54","      -"," 45,299","      -","      -","    445","  2,821","  9,977"," 19,043","  9,955","  2,756","    180","     73","     49","      -","  7,463","      -","      -","    162","  1,150","  2,404","  2,780","    818","    133","      4","      7","      5","      -"
"97年 1月","  4,919","      -","      -","     52","    447","  1,199","  1,929","  1,001","    263","     17","      5","      6","      -","  4,248","      -","      -","     40","    323","    972","  1,710","    927","    248","     17","      5","      6","      -","    671","      -","      -","     12","    124","    227","    219","     74","     15","      -","      -","      -","      -"
"97年 2月","  4,412","      -","      -","     45","    347","  1,099","  1,771","    897","    232","     12","      4","      5","      -","  3,824","      -","      -","     35","    263","    900","  1,562","    829","    215","     11","      4","      5","      -","    588","      -","      -","     10","     84","    199","    209","     68","     17","      1","      -","      -","      -"
"97年 3月","  4,745","      -","      -","     50","    360","  1,187","  1,959","    937","    225","     15","      6","      6","      -","  4,101","      -","      -","     34","    255","    968","  1,732","    867","    219","     15","      5","      6","      -","    644","      -","      -","     16","    105","    219","    227","     70","      6","      -","      1","      -","      -"
"97年 4月","  4,162","      -","      -","     46","    284","    966","  1,809","    810","    223","     12","      9","      3","      -","  3,598","      -","      -","     34","    198","    802","  1,569","    755","    217","     12","      8","      3","      -","    564","      -","      -","     12","     86","    164","    240","     55","      6","      -","      1","      -","      -"
"97年 5月","  4,484","      -","      -","     54","    348","  1,059","  1,826","    920","    254","     17","      4","      2","      -","  3,865","      -","      -","     41","    253","    853","  1,602","    851","    244","     16","      3","      2","      -","    619","      -","      -","     13","     95","    206","    224","     69","     10","      1","      1","      -","      -"
"97年 6月","  4,042","      -","      -","     56","    295","    980","  1,633","    846","    201","     21","      6","      4","      -","  3,478","      -","      -","     39","    201","    801","  1,426","    784","    196","     21","      6","      4","      -","    564","      -","      -","     17","     94","    179","    207","     62","      5","      -","      -","      -","      -"
"97年 7月","  6,301","      -","      -","    113","    467","  1,458","  2,610","  1,271","    346","     17","     10","      9","      -","  5,366","      -","      -","     76","    343","  1,159","  2,256","  1,166","    333","     16","      9","      8","      -","    935","      -","      -","     37","    124","    299","    354","    105","     13","      1","      1","      1","      -"
"97年 8月","  5,905","      -","      -","     69","    444","  1,356","  2,498","  1,194","    313","     16","     11","      4","      -","  5,026","      -","      -","     51","    298","  1,067","  2,160","  1,119","    302","     16","     11","      2","      -","    879","      -","      -","     18","    146","    289","    338","     75","     11","      -","      -","      2","      -"
"97年 9月","  4,018","      -","      -","     26","    281","    912","  1,668","    865","    236","     17","      6","      7","      -","  3,494","      -","      -","     23","    202","    751","  1,460","    801","    229","     16","      5","      7","      -","    524","      -","      -","      3","     79","    161","    208","     64","      7","      1","      1","      -","      -"
"97年 10月","  3,799","      -","      -","     32","    282","    820","  1,619","    800","    221","     17","      6","      2","      -","  3,217","      -","      -","     24","    197","    637","  1,394","    733","    208","     17","      5","      2","      -","    582","      -","      -","      8","     85","    183","    225","     67","     13","      -","      1","      -","      -"
"97年 11月","  3,148","      -","      -","     30","    210","    697","  1,344","    649","    194","     16","      6","      2","      -","  2,689","      -","      -","     19","    140","    559","  1,180","    587","    181","     16","      6","      1","      -","    459","      -","      -","     11","     70","    138","    164","     62","     13","      -","      -","      1","      -"
"97年 12月","  2,827","      -","      -","     34","    206","    648","  1,157","    583","    181","      7","      7","      4","      -","  2,393","      -","      -","     29","    148","    508","    992","    536","    164","      7","      6","      3","      -","    434","      -","      -","      5","     58","    140","    165","     47","     17","      -","      1","      1","      -"
"98年"," 47,400","      -","      2","    843","  4,355"," 10,324"," 19,401","  9,564","  2,623","    168","     80","     40","      -"," 40,271","      -","      2","    632","  3,213","  8,238"," 16,755","  8,730","  2,430","    158","     77","     36","      -","  7,129","      -","      -","    211","  1,142","  2,086","  2,646","    834","    193","     10","      3","      4","      -"
"98年 1月","  3,619","      -","      -","     47","    280","    797","  1,468","    807","    200","     12","      6","      2","      -","  3,114","      -","      -","     38","    196","    656","  1,266","    749","    192","     10","      5","      2","      -","    505","      -","      -","      9","     84","    141","    202","     58","      8","      2","      1","      -","      -"
"98年 2月","  4,021","      -","      -","     55","    268","    882","  1,708","    859","    220","     17","     12","      -","      -","  3,460","      -","      -","     36","    199","    704","  1,494","    789","    209","     17","     12","      -","      -","    561","      -","      -","     19","     69","    178","    214","     70","     11","      -","      -","      -","      -"
"98年 3月","  4,108","      -","      -","     71","    359","    877","  1,691","    831","    248","     11","     13","      7","      -","  3,464","      -","      -","     51","    261","    690","  1,458","    748","    229","     10","     12","      5","      -","    644","      -","      -","     20","     98","    187","    233","     83","     19","      1","      1","      2","      -"
"98年 4月","  4,038","      -","      -","     69","    335","    878","  1,677","    808","    243","     18","      9","      1","      -","  3,444","      -","      -","     53","    253","    707","  1,454","    727","    223","     17","      9","      1","      -","    594","      -","      -","     16","     82","    171","    223","     81","     20","      1","      -","      -","      -"
"98年 5月","  3,703","      -","      1","     66","    305","    836","  1,478","    768","    216","     21","      7","      5","      -","  3,160","      -","      1","     53","    219","    661","  1,283","    714","    199","     20","      7","      3","      -","    543","      -","      -","     13","     86","    175","    195","     54","     17","      1","      -","      2","      -"
"98年 6月","  3,116","      -","      -","     60","    310","    681","  1,222","    667","    165","      7","      3","      1","      -","  2,630","      -","      -","     44","    223","    535","  1,055","    609","    153","      7","      3","      1","      -","    486","      -","      -","     16","     87","    146","    167","     58","     12","      -","      -","      -","      -"
"98年 7月","  5,482","      -","      -","    114","    492","  1,200","  2,269","  1,064","    315","     14","      8","      6","      -","  4,633","      -","      -","     85","    363","    948","  1,936","    986","    289","     12","      8","      6","      -","    849","      -","      -","     29","    129","    252","    333","     78","     26","      2","      -","      -","      -"
"98年 8月","  4,976","      -","      -","    131","    469","  1,070","  2,005","  1,001","    270","     20","      4","      6","      -","  4,214","      -","      -","     98","    353","    844","  1,733","    917","    242","     17","      4","      6","      -","    762","      -","      -","     33","    116","    226","    272","     84","     28","      3","      -","      -","      -"
"98年 9月","  3,694","      -","      1","     68","    373","    826","  1,491","    714","    202","     11","      3","      5","      -","  3,130","      -","      1","     60","    279","    661","  1,286","    639","    185","     11","      3","      5","      -","    564","      -","      -","      8","     94","    165","    205","     75","     17","      -","      -","      -","      -"
"98年 10月","  3,844","      -","      -","     52","    429","    796","  1,581","    769","    200","     10","      4","      3","      -","  3,219","      -","      -","     38","    311","    630","  1,343","    697","    183","     10","      4","      3","      -","    625","      -","      -","     14","    118","    166","    238","     72","     17","      -","      -","      -","      -"
"98年 11月","  3,572","      -","      -","     57","    345","    795","  1,504","    684","    165","     15","      4","      3","      -","  3,036","      -","      -","     40","    260","    646","  1,293","    621","    154","     15","      4","      3","      -","    536","      -","      -","     17","     85","    149","    211","     63","     11","      -","      -","      -","      -"
"98年 12月","  3,227","      -","      -","     53","    390","    686","  1,307","    592","    179","     12","      7","      1","      -","  2,767","      -","      -","     36","    296","    556","  1,154","    534","    172","     12","      6","      1","      -","    460","      -","      -","     17","     94","    130","    153","     58","      7","      -","      1","      -","      -"
"99年"," 51,078","      -","      1","  1,213","  5,640"," 10,632"," 20,844","  9,695","  2,726","    226","     63","     38","      -"," 43,401","      -","      1","    901","  4,258","  8,590"," 17,940","  8,870","  2,529","    216","     60","     36","      -","  7,677","      -","      -","    312","  1,382","  2,042","  2,904","    825","    197","     10","      3","      2","      -"
"99年 1月","  3,118","      -","      -","     65","    355","    696","  1,240","    585","    159","     11","      5","      2","      -","  2,644","      -","      -","     49","    283","    563","  1,069","    519","    143","     11","      5","      2","      -","    474","      -","      -","     16","     72","    133","    171","     66","     16","      -","      -","      -","      -"
"99年 2月","  5,079","      -","      -","    106","    533","  1,059","  2,103","    969","    281","     18","      7","      3","      -","  4,349","      -","      -","     83","    402","    856","  1,831","    897","    254","     16","      7","      3","      -","    730","      -","      -","     23","    131","    203","    272","     72","     27","      2","      -","      -","      -"
"99年 3月","  4,448","      -","      -","     87","    471","    956","  1,808","    864","    235","     16","      8","      3","      -","  3,749","      -","      -","     63","    353","    746","  1,562","    783","    215","     16","      8","      3","      -","    699","      -","      -","     24","    118","    210","    246","     81","     20","      -","      -","      -","      -"
"99年 4月","  4,178","      -","      -","     87","    413","    902","  1,699","    835","    216","     17","      6","      3","      -","  3,547","      -","      -","     63","    310","    729","  1,457","    759","    204","     17","      6","      2","      -","    631","      -","      -","     24","    103","    173","    242","     76","     12","      -","      -","      1","      -"
"99年 5月","  4,290","      -","      -","     78","    512","    947","  1,693","    799","    228","     18","      9","      6","      -","  3,654","      -","      -","     58","    382","    782","  1,469","    722","    212","     16","      7","      6","      -","    636","      -","      -","     20","    130","    165","    224","     77","     16","      2","      2","      -","      -"
"99年 6月","  3,434","      -","      -","     59","    366","    776","  1,389","    635","    179","     23","      4","      3","      -","  2,925","      -","      -","     34","    268","    639","  1,205","    583","    166","     23","      4","      3","      -","    509","      -","      -","     25","     98","    137","    184","     52","     13","      -","      -","      -","      -"
"99年 7月","  5,170","      -","      -","    146","    573","  1,045","  2,120","    980","    273","     21","      6","      6","      -","  4,372","      -","      -","    117","    424","    835","  1,818","    891","    256","     20","      6","      5","      -","    798","      -","      -","     29","    149","    210","    302","     89","     17","      1","      -","      1","      -"
"99年 8月","  5,424","      -","      -","    192","    621","  1,063","  2,210","  1,011","    293","     26","      3","      5","      -","  4,602","      -","      -","    140","    469","    839","  1,906","    942","    273","     25","      3","      5","      -","    822","      -","      -","     52","    152","    224","    304","     69","     20","      1","      -","      -","      -"
"99年 9月","  4,339","      -","      -","     95","    515","    897","  1,804","    791","    211","     18","      7","      1","      -","  3,701","      -","      -","     79","    386","    730","  1,556","    731","    194","     17","      7","      1","      -","    638","      -","      -","     16","    129","    167","    248","     60","     17","      1","      -","      -","      -"
"99年 10月","  4,258","      -","      1","     98","    467","    857","  1,776","    783","    251","     22","      2","      1","      -","  3,651","      -","      1","     74","    356","    708","  1,532","    722","    237","     19","      1","      1","      -","    607","      -","      -","     24","    111","    149","    244","     61","     14","      3","      1","      -","      -"
"99年 11月","  4,344","      -","      -","    149","    484","    825","  1,776","    836","    246","     22","      3","      3","      -","  3,661","      -","      -","    103","    379","    669","  1,481","    770","    231","     22","      3","      3","      -","    683","      -","      -","     46","    105","    156","    295","     66","     15","      -","      -","      -","      -"
"99年 12月","  2,996","      -","      -","     51","    330","    609","  1,226","    607","    154","     14","      3","      2","      -","  2,546","      -","      -","     38","    246","    494","  1,054","    551","    144","     14","      3","      2","      -","    450","      -","      -","     13","     84","    115","    172","     56","     10","      -","      -","      -","      -"
"100年"," 48,875","      -","      3","  1,317","  5,787","  9,127"," 20,045","  9,457","  2,791","    249","     53","     46","      -"," 41,453","      -","      3","    986","  4,447","  7,392"," 17,156","  8,559","  2,586","    233","     47","     44","      -","  7,422","      -","      -","    331","  1,340","  1,735","  2,889","    898","    205","     16","      6","      2","      -"
"100年 1月","  4,425","      -","      -","     69","    550","    928","  1,806","    801","    238","     22","      6","      5","      -","  3,772","      -","      -","     40","    435","    763","  1,546","    736","    220","     22","      5","      5","      -","    653","      -","      -","     29","    115","    165","    260","     65","     18","      -","      1","      -","      -"
"100年 2月","  3,282","      -","      1","     67","    393","    639","  1,350","    623","    175","     19","      5","     10","      -","  2,820","      -","      1","     52","    297","    536","  1,165","    574","    162","     19","      5","      9","      -","    462","      -","      -","     15","     96","    103","    185","     49","     13","      -","      -","      1","      -"
"100年 3月","  4,489","      -","      -","    116","    557","    869","  1,802","    872","    243","     19","      7","      4","      -","  3,818","      -","      -","     85","    430","    706","  1,548","    795","    227","     16","      7","      4","      -","    671","      -","      -","     31","    127","    163","    254","     77","     16","      3","      -","      -","      -"
"100年 4月","  3,931","      -","      -","     97","    471","    740","  1,620","    771","    204","     19","      5","      4","      -","  3,308","      -","      -","     70","    351","    596","  1,396","    683","    188","     18","      2","      4","      -","    623","      -","      -","     27","    120","    144","    224","     88","     16","      1","      3","      -","      -"
"100年 5月","  4,108","      -","      2","    116","    456","    796","  1,689","    767","    248","     30","      3","      1","      -","  3,470","      -","      2","     87","    344","    621","  1,449","    703","    234","     26","      3","      1","      -","    638","      -","      -","     29","    112","    175","    240","     64","     14","      4","      -","      -","      -"
"100年 6月","  3,349","      -","      -","     69","    408","    625","  1,339","    679","    204","     15","      5","      5","      -","  2,841","      -","      -","     56","    311","    508","  1,133","    619","    190","     15","      5","      4","      -","    508","      -","      -","     13","     97","    117","    206","     60","     14","      -","      -","      1","      -"
"100年 7月","  5,723","      -","      -","    239","    682","  1,011","  2,314","  1,111","    333","     27","      6","      -","      -","  4,859","      -","      -","    183","    523","    834","  1,964","  1,014","    310","     26","      5","      -","      -","    864","      -","      -","     56","    159","    177","    350","     97","     23","      1","      1","      -","      -"
"100年 8月","  5,582","      -","      -","    260","    744","    997","  2,184","  1,050","    312","     23","      8","      4","      -","  4,727","      -","      -","    207","    582","    824","  1,863","    929","    289","     21","      8","      4","      -","    855","      -","      -","     53","    162","    173","    321","    121","     23","      2","      -","      -","      -"
"100年 9月","  3,555","      -","      -","     84","    431","    683","  1,476","    661","    200","     14","      2","      4","      -","  3,001","      -","      -","     58","    330","    558","  1,260","    594","    181","     14","      2","      4","      -","    554","      -","      -","     26","    101","    125","    216","     67","     19","      -","      -","      -","      -"
"100年 10月","  3,766","      -","      -","     77","    372","    665","  1,632","    778","    213","     20","      3","      6","      -","  3,205","      -","      -","     58","    291","    537","  1,395","    702","    195","     18","      3","      6","      -","    561","      -","      -","     19","     81","    128","    237","     76","     18","      2","      -","      -","      -"
"100年 11月","  3,918","      -","      -","     68","    444","    682","  1,654","    804","    242","     23","      1","      -","      -","  3,304","      -","      -","     49","    341","    529","  1,427","    714","    222","     22","      -","      -","      -","    614","      -","      -","     19","    103","    153","    227","     90","     20","      1","      1","      -","      -"
"100年 12月","  2,747","      -","      -","     55","    279","    492","  1,179","    540","    179","     18","      2","      3","      -","  2,328","      -","      -","     41","    212","    380","  1,010","    496","    168","     16","      2","      3","      -","    419","      -","      -","     14","     67","    112","    169","     44","     11","      2","      -","      -","      -"
"101年"," 47,043","      -","      3","  1,655","  5,908","  7,849"," 18,803","  9,262","  2,959","    266","     60","    275","      3"," 39,968","      -","      3","  1,342","  4,634","  6,350"," 15,978","  8,404","  2,718","    256","     53","    227","      3","  7,075","      -","      -","    313","  1,274","  1,499","  2,825","    858","    241","     10","      7","     48","      -"
"101年 1月","  3,561","      -","      -","    122","    431","    577","  1,480","    688","    241","     18","      2","      2","      -","  2,980","      -","      -","     87","    326","    467","  1,246","    615","    218","     17","      2","      2","      -","    581","      -","      -","     35","    105","    110","    234","     73","     23","      1","      -","      -","      -"
"101年 2月","  3,938","      -","      -","    136","    477","    720","  1,560","    767","    229","     20","      7","     22","      -","  3,389","      -","      -","    109","    376","    588","  1,347","    714","    211","     19","      6","     19","      -","    549","      -","      -","     27","    101","    132","    213","     53","     18","      1","      1","      3","      -"
"101年 3月","  3,872","      -","      -","     79","    437","    662","  1,633","    754","    227","     17","      7","     56","      -","  3,274","      -","      -","     63","    348","    521","  1,392","    675","    205","     17","      7","     46","      -","    598","      -","      -","     16","     89","    141","    241","     79","     22","      -","      -","     10","      -"
"101年 4月","  4,237","      -","      1","     87","    451","    714","  1,747","    890","    264","     21","      7","     55","      -","  3,578","      -","      1","     70","    359","    580","  1,461","    805","    236","     17","      6","     43","      -","    659","      -","      -","     17","     92","    134","    286","     85","     28","      4","      1","     12","      -"
"101年 5月","  3,952","      -","      -","     77","    441","    634","  1,587","    847","    260","     26","      4","     75","      1","  3,358","      -","      -","     55","    334","    505","  1,351","    776","    247","     26","      2","     61","      1","    594","      -","      -","     22","    107","    129","    236","     71","     13","      -","      2","     14","      -"
"101年 6月","  2,647","      -","      -","     24","    333","    412","  1,027","    609","    182","     17","      4","     39","      -","  2,225","      -","      -","     20","    258","    334","    859","    537","    164","     17","      3","     33","      -","    422","      -","      -","      4","     75","     78","    168","     72","     18","      -","      1","      6","      -"
"101年 7月","  4,660","      -","      -","    335","    583","    718","  1,848","    860","    279","     24","      6","      7","      -","  3,954","      -","      -","    275","    465","    577","  1,548","    790","    265","     23","      5","      6","      -","    706","      -","      -","     60","    118","    141","    300","     70","     14","      1","      1","      1","      -"
"101年 8月","  4,891","      -","      -","    382","    718","    771","  1,810","    864","    312","     20","      5","      9","      -","  4,172","      -","      -","    324","    574","    623","  1,548","    785","    284","     20","      5","      9","      -","    719","      -","      -","     58","    144","    148","    262","     79","     28","      -","      -","      -","      -"
"101年 9月","  3,766","      -","      -","    106","    444","    656","  1,526","    765","    243","     20","      2","      3","      1","  3,218","      -","      -","     87","    353","    533","  1,300","    697","    222","     20","      2","      3","      1","    548","      -","      -","     19","     91","    123","    226","     68","     21","      -","      -","      -","      -"
"101年 10月","  4,039","      -","      -","     93","    542","    730","  1,597","    782","    258","     24","      8","      4","      1","  3,431","      -","      -","     77","    425","    598","  1,355","    704","    237","     24","      7","      3","      1","    608","      -","      -","     16","    117","    132","    242","     78","     21","      -","      1","      1","      -"
"101年 11月","  4,012","      -","      1","     88","    530","    651","  1,639","    795","    265","     37","      5","      1","      -","  3,421","      -","      1","     68","    409","    517","  1,419","    723","    243","     35","      5","      1","      -","    591","      -","      -","     20","    121","    134","    220","     72","     22","      2","      -","      -","      -"
"101年 12月","  3,468","      -","      1","    126","    521","    604","  1,349","    641","    199","     22","      3","      2","      -","  2,968","      -","      1","    107","    407","    507","  1,152","    583","    186","     21","      3","      1","      -","    500","      -","      -","     19","    114","     97","    197","     58","     13","      1","      -","      1","      -"
"102年"," 43,268","      -","      1","  1,519","  5,972","  6,943"," 16,917","  8,754","  2,768","    299","     68","     24","      3"," 36,994","      -","      1","  1,253","  4,860","  5,647"," 14,378","  7,900","  2,579","    285","     64","     24","      3","  6,274","      -","      -","    266","  1,112","  1,296","  2,539","    854","    189","     14","      4","      -","      -"
"102年 1月","  3,586","      -","      -","    129","    569","    668","  1,333","    650","    207","     24","      5","      1","      -","  3,022","      -","      -","    104","    452","    542","  1,112","    589","    194","     23","      5","      1","      -","    564","      -","      -","     25","    117","    126","    221","     61","     13","      1","      -","      -","      -"
"102年 2月","  4,349","      -","      -","    265","    671","    719","  1,620","    788","    247","     26","     10","      3","      -","  3,702","      -","      -","    219","    554","    569","  1,385","    707","    230","     25","     10","      3","      -","    647","      -","      -","     46","    117","    150","    235","     81","     17","      1","      -","      -","      -"
"102年 3月","  4,202","      -","      -","    141","    565","    678","  1,633","    864","    279","     33","      6","      3","      -","  3,610","      -","      -","    116","    453","    557","  1,386","    795","    262","     32","      6","      3","      -","    592","      -","      -","     25","    112","    121","    247","     69","     17","      1","      -","      -","      -"
"102年 4月","  3,368","      -","      -","     94","    448","    519","  1,334","    714","    228","     27","      3","      1","      -","  2,891","      -","      -","     80","    365","    423","  1,134","    653","    208","     24","      3","      1","      -","    477","      -","      -","     14","     83","     96","    200","     61","     20","      3","      -","      -","      -"
"102年 5月","  3,737","      -","      1","    101","    514","    555","  1,526","    760","    238","     30","      7","      5","      -","  3,234","      -","      1","     80","    415","    461","  1,330","    689","    219","     28","      6","      5","      -","    503","      -","      -","     21","     99","     94","    196","     71","     19","      2","      1","      -","      -"
"102年 6月","  3,056","      -","      -","     47","    388","    537","  1,246","    619","    195","     13","      6","      4","      1","  2,596","      -","      -","     35","    309","    434","  1,051","    557","    186","     13","      6","      4","      1","    460","      -","      -","     12","     79","    103","    195","     62","      9","      -","      -","      -","      -"
"102年 7月","  3,989","      -","      -","    329","    633","    609","  1,408","    745","    230","     34","      1","      -","      -","  3,431","      -","      -","    276","    528","    492","  1,210","    675","    217","     32","      1","      -","      -","    558","      -","      -","     53","    105","    117","    198","     70","     13","      2","      -","      -","      -"
"102年 8月","  3,822","      -","      -","    195","    552","    593","  1,440","    774","    235","     29","      4","      -","      -","  3,270","      -","      -","    165","    442","    492","  1,228","    696","    216","     27","      4","      -","      -","    552","      -","      -","     30","    110","    101","    212","     78","     19","      2","      -","      -","      -"
"102年 9月","  3,306","      -","      -","     60","    454","    544","  1,309","    701","    212","     22","      2","      2","      -","  2,848","      -","      -","     53","    362","    449","  1,131","    630","    197","     22","      2","      2","      -","    458","      -","      -","      7","     92","     95","    178","     71","     15","      -","      -","      -","      -"
"102年 10月","  3,501","      -","      -","     57","    430","    567","  1,419","    762","    236","     21","      8","      1","      -","  2,987","      -","      -","     45","    370","    452","  1,197","    675","    220","     21","      6","      1","      -","    514","      -","      -","     12","     60","    115","    222","     87","     16","      -","      2","      -","      -"
"102年 11月","  3,664","      -","      -","     52","    434","    518","  1,521","    825","    269","     30","     11","      2","      2","  3,120","      -","      -","     43","    356","    420","  1,277","    732","    249","     28","     11","      2","      2","    544","      -","      -","      9","     78","     98","    244","     93","     20","      2","      -","      -","      -"
"102年 12月","  2,688","      -","      -","     49","    314","    436","  1,128","    552","    192","     10","      5","      2","      -","  2,283","      -","      -","     37","    254","    356","    937","    502","    181","     10","      4","      2","      -","    405","      -","      -","     12","     60","     80","    191","     50","     11","      -","      1","      -","      -"
"103年"," 41,265","      -","      5","  1,381","  5,280","  5,935"," 16,351","  8,964","  2,933","    324","     63","     29","      -"," 35,753","      -","      1","  1,097","  4,496","  4,839"," 14,021","  8,174","  2,739","    301","     60","     25","      -","  5,512","      -","      4","    284","    784","  1,096","  2,330","    790","    194","     23","      3","      4","      -"
"103年 1月","  3,674","      -","      -","    126","    479","    528","  1,484","    746","    276","     25","      8","      2","      -","  3,206","      -","      -","    111","    412","    451","  1,280","    665","    255","     22","      8","      2","      -","    468","      -","      -","     15","     67","     77","    204","     81","     21","      3","      -","      -","      -"
"103年 2月","  3,402","      -","      1","    176","    464","    491","  1,340","    693","    206","     25","      5","      1","      -","  2,908","      -","      1","    132","    392","    391","  1,142","    623","    199","     22","      5","      1","      -","    494","      -","      -","     44","     72","    100","    198","     70","      7","      3","      -","      -","      -"
"103年 3月","  3,132","      -","      -","     69","    397","    500","  1,267","    670","    208","     18","      2","      1","      -","  2,703","      -","      -","     53","    332","    405","  1,080","    613","    199","     18","      2","      1","      -","    429","      -","      -","     16","     65","     95","    187","     57","      9","      -","      -","      -","      -"
"103年 4月","  3,123","      -","      -","     62","    357","    481","  1,197","    746","    243","     28","      4","      5","      -","  2,692","      -","      -","     52","    301","    366","  1,028","    686","    226","     24","      4","      5","      -","    431","      -","      -","     10","     56","    115","    169","     60","     17","      4","      -","      -","      -"
"103年 5月","  3,262","      -","      -","     78","    414","    459","  1,286","    748","    242","     27","      6","      2","      -","  2,807","      -","      -","     64","    350","    374","  1,079","    683","    225","     24","      6","      2","      -","    455","      -","      -","     14","     64","     85","    207","     65","     17","      3","      -","      -","      -"
"103年 6月","  3,155","      -","      -","     43","    361","    450","  1,311","    718","    233","     30","      3","      6","      -","  2,737","      -","      -","     30","    297","    364","  1,151","    644","    214","     30","      2","      5","      -","    418","      -","      -","     13","     64","     86","    160","     74","     19","      -","      1","      1","      -"
"103年 7月","  4,218","      -","      1","    267","    616","    573","  1,574","    882","    269","     26","      7","      3","      -","  3,626","      -","      -","    209","    532","    466","  1,333","    799","    254","     24","      7","      2","      -","    592","      -","      1","     58","     84","    107","    241","     83","     15","      2","      -","      1","      -"
"103年 8月","  3,974","      -","      -","    248","    554","    558","  1,502","    805","    274","     25","      7","      1","      -","  3,441","      -","      -","    201","    490","    449","  1,282","    735","    252","     25","      6","      1","      -","    533","      -","      -","     47","     64","    109","    220","     70","     22","      -","      1","      -","      -"
"103年 9月","  3,906","      -","      3","     81","    452","    570","  1,578","    850","    325","     37","      8","      2","      -","  3,390","      -","      -","     65","    386","    471","  1,354","    770","    300","     34","      8","      2","      -","    516","      -","      3","     16","     66","     99","    224","     80","     25","      3","      -","      -","      -"
"103年 10月","  3,489","      -","      -","     89","    420","    472","  1,441","    790","    242","     27","      5","      3","      -","  3,055","      -","      -","     72","    355","    397","  1,237","    731","    231","     26","      4","      2","      -","    434","      -","      -","     17","     65","     75","    204","     59","     11","      1","      1","      1","      -"
"103年 11月","  3,289","      -","      -","     74","    419","    467","  1,341","    710","    239","     31","      6","      2","      -","  2,884","      -","      -","     62","    355","    389","  1,168","    655","    219","     29","      6","      1","      -","    405","      -","      -","     12","     64","     78","    173","     55","     20","      2","      -","      1","      -"
"103年 12月","  2,641","      -","      -","     68","    347","    386","  1,030","    606","    176","     25","      2","      1","      -","  2,304","      -","      -","     46","    294","    316","    887","    570","    165","     23","      2","      1","      -","    337","      -","      -","     22","     53","     70","    143","     36","     11","      2","      -","      -","      -"

