"","警察機關查獲毒品嫌疑犯人數─按教育程度別分"
"","總計 / 教育程度總計 ","總計 / 不識字 ","總計 / 自修 ","總計 / 國小 ","總計 / 國中 ","總計 / 高中(職) ","總計 / 大專 ","總計 / 研究所(含)以上 ","總計 / 不詳 ","男 / 教育程度總計 ","男 / 不識字 ","男 / 自修 ","男 / 國小 ","男 / 國中 ","男 / 高中(職) ","男 / 大專 ","男 / 研究所(含)以上 ","男 / 不詳 ","女 / 教育程度總計 ","女 / 不識字 ","女 / 自修 ","女 / 國小 ","女 / 國中 ","女 / 高中(職) ","女 / 大專 ","女 / 研究所(含)以上 ","女 / 不詳 "
"91年"," 30,643","     92","      8","  2,328"," 15,630"," 11,256","  1,140","     14","    175"," 25,931","     59","      5","  2,075"," 13,422","  9,245","    971","     13","    141","  4,712","     33","      3","    253","  2,208","  2,011","    169","      1","     34"
"91年 1月","  1,382","      7","      2","    136","    777","    422","     29","      1","      8","  1,172","      4","      -","    118","    666","    351","     25","      1","      7","    210","      3","      2","     18","    111","     71","      4","      -","      1"
"91年 2月","  3,045","     11","      1","    241","  1,663","  1,038","     78","      -","     13","  2,622","      6","      1","    208","  1,436","    890","     68","      -","     13","    423","      5","      -","     33","    227","    148","     10","      -","      -"
"91年 3月","  2,051","      3","      -","    147","  1,128","    701","     63","      1","      8","  1,772","      3","      -","    127","    979","    604","     53","      1","      5","    279","      -","      -","     20","    149","     97","     10","      -","      3"
"91年 4月","  2,321","     16","      1","    196","  1,258","    754","     85","      1","     10","  2,009","     10","      1","    179","  1,098","    639","     73","      1","      8","    312","      6","      -","     17","    160","    115","     12","      -","      2"
"91年 5月","  2,410","      4","      1","    198","  1,216","    884","     79","      -","     28","  2,066","      3","      1","    176","  1,044","    757","     67","      -","     18","    344","      1","      -","     22","    172","    127","     12","      -","     10"
"91年 6月","  2,766","      7","      1","    202","  1,299","  1,058","    190","      4","      5","  2,309","      4","      1","    182","  1,105","    841","    168","      4","      4","    457","      3","      -","     20","    194","    217","     22","      -","      1"
"91年 7月","  2,966","      8","      1","    188","  1,429","  1,201","    117","      1","     21","  2,464","      5","      1","    164","  1,215","    966","     97","      1","     15","    502","      3","      -","     24","    214","    235","     20","      -","      6"
"91年 8月","  3,259","      9","      1","    252","  1,531","  1,323","    128","      1","     14","  2,702","      8","      -","    232","  1,314","  1,037","     98","      1","     12","    557","      1","      1","     20","    217","    286","     30","      -","      2"
"91年 9月","  2,741","      8","      -","    202","  1,330","  1,063","    123","      2","     13","  2,299","      4","      -","    179","  1,150","    852","    102","      1","     11","    442","      4","      -","     23","    180","    211","     21","      1","      2"
"91年 10月","  2,699","      7","      -","    186","  1,394","  1,003","     90","      1","     18","  2,252","      6","      -","    167","  1,177","    809","     77","      1","     15","    447","      1","      -","     19","    217","    194","     13","      -","      3"
"91年 11月","  2,429","      5","      -","    190","  1,299","    829","     84","      1","     21","  2,081","      3","      -","    178","  1,120","    684","     76","      1","     19","    348","      2","      -","     12","    179","    145","      8","      -","      2"
"91年 12月","  2,574","      7","      -","    190","  1,306","    980","     74","      1","     16","  2,183","      3","      -","    165","  1,118","    815","     67","      1","     14","    391","      4","      -","     25","    188","    165","      7","      -","      2"
"92年"," 28,921","     65","      7","  2,158"," 14,910"," 10,713","    961","      5","    102"," 24,407","     36","      4","  1,879"," 12,789","  8,803","    806","      4","     86","  4,514","     29","      3","    279","  2,121","  1,910","    155","      1","     16"
"92年 1月","  3,203","     15","      2","    261","  1,667","  1,154","     87","      2","     15","  2,714","     10","      1","    222","  1,436","    954","     76","      2","     13","    489","      5","      1","     39","    231","    200","     11","      -","      2"
"92年 2月","  1,917","      6","      -","    170","    976","    680","     79","      -","      6","  1,621","      4","      -","    149","    832","    563","     68","      -","      5","    296","      2","      -","     21","    144","    117","     11","      -","      1"
"92年 3月","  2,417","      5","      -","    159","  1,226","    903","     94","      -","     30","  2,036","      2","      -","    131","  1,053","    743","     83","      -","     24","    381","      3","      -","     28","    173","    160","     11","      -","      6"
"92年 4月","  2,657","      2","      -","    205","  1,338","  1,019","     81","      -","     12","  2,253","      1","      -","    182","  1,146","    845","     68","      -","     11","    404","      1","      -","     23","    192","    174","     13","      -","      1"
"92年 5月","  2,621","      2","      -","    198","  1,332","  1,015","     68","      -","      6","  2,201","      -","      -","    170","  1,141","    829","     57","      -","      4","    420","      2","      -","     28","    191","    186","     11","      -","      2"
"92年 6月","  2,410","      3","      -","    194","  1,245","    880","     75","      -","     13","  2,000","      3","      -","    167","  1,047","    710","     61","      -","     12","    410","      -","      -","     27","    198","    170","     14","      -","      1"
"92年 7月","  2,289","      8","      2","    151","  1,227","    834","     62","      1","      4","  1,954","      2","      2","    139","  1,059","    696","     52","      -","      4","    335","      6","      -","     12","    168","    138","     10","      1","      -"
"92年 8月","  2,328","      4","      -","    165","  1,265","    806","     86","      2","      -","  1,954","      3","      -","    149","  1,091","    643","     66","      2","      -","    374","      1","      -","     16","    174","    163","     20","      -","      -"
"92年 9月","  2,254","      4","      -","    167","  1,129","    873","     79","      -","      2","  1,922","      3","      -","    150","    966","    734","     67","      -","      2","    332","      1","      -","     17","    163","    139","     12","      -","      -"
"92年 10月","  2,480","      9","      2","    165","  1,257","    950","     93","      -","      4","  2,116","      4","      1","    145","  1,103","    779","     80","      -","      4","    364","      5","      1","     20","    154","    171","     13","      -","      -"
"92年 11月","  2,254","      5","      1","    179","  1,133","    836","     93","      -","      7","  1,884","      2","      -","    154","    963","    685","     75","      -","      5","    370","      3","      1","     25","    170","    151","     18","      -","      2"
"92年 12月","  2,091","      2","      -","    144","  1,115","    763","     64","      -","      3","  1,752","      2","      -","    121","    952","    622","     53","      -","      2","    339","      -","      -","     23","    163","    141","     11","      -","      1"
"93年"," 40,136","     66","      6","  2,798"," 20,949"," 15,204","  1,062","     17","     34"," 34,178","     36","      5","  2,466"," 18,080"," 12,658","    888","     17","     28","  5,958","     30","      1","    332","  2,869","  2,546","    174","      -","      6"
"93年 1月","  3,038","      2","      -","    238","  1,536","  1,166","     90","      3","      3","  2,568","      1","      -","    213","  1,308","    967","     74","      3","      2","    470","      1","      -","     25","    228","    199","     16","      -","      1"
"93年 2月","  2,693","      3","      -","    188","  1,416","  1,004","     81","      -","      1","  2,326","      2","      -","    174","  1,241","    837","     71","      -","      1","    367","      1","      -","     14","    175","    167","     10","      -","      -"
"93年 3月","  2,649","     11","      1","    194","  1,425","    958","     57","      -","      3","  2,259","      3","      1","    166","  1,232","    803","     51","      -","      3","    390","      8","      -","     28","    193","    155","      6","      -","      -"
"93年 4月","  2,751","      5","      2","    196","  1,483","    993","     70","      -","      2","  2,381","      1","      2","    171","  1,301","    845","     59","      -","      2","    370","      4","      -","     25","    182","    148","     11","      -","      -"
"93年 5月","  2,948","      5","      -","    216","  1,599","  1,051","     73","      1","      3","  2,527","      2","      -","    189","  1,384","    883","     66","      1","      2","    421","      3","      -","     27","    215","    168","      7","      -","      1"
"93年 6月","  2,884","      8","      2","    212","  1,482","  1,110","     66","      1","      3","  2,489","      6","      1","    184","  1,296","    941","     57","      1","      3","    395","      2","      1","     28","    186","    169","      9","      -","      -"
"93年 7月","  3,950","      1","      -","    277","  2,066","  1,523","     78","      2","      3","  3,304","      1","      -","    243","  1,755","  1,241","     60","      2","      2","    646","      -","      -","     34","    311","    282","     18","      -","      1"
"93年 8月","  3,995","      9","      -","    284","  2,060","  1,498","    136","      3","      5","  3,340","      6","      -","    249","  1,735","  1,227","    117","      3","      3","    655","      3","      -","     35","    325","    271","     19","      -","      2"
"93年 9月","  3,745","      7","      -","    248","  1,978","  1,418","     92","      1","      1","  3,187","      3","      -","    214","  1,716","  1,178","     74","      1","      1","    558","      4","      -","     34","    262","    240","     18","      -","      -"
"93年 10月","  3,735","      6","      -","    255","  1,890","  1,476","    102","      2","      4","  3,203","      4","      -","    229","  1,657","  1,225","     82","      2","      4","    532","      2","      -","     26","    233","    251","     20","      -","      -"
"93年 11月","  4,330","      5","      -","    270","  2,246","  1,673","    132","      1","      3","  3,648","      4","      -","    239","  1,908","  1,387","    107","      1","      2","    682","      1","      -","     31","    338","    286","     25","      -","      1"
"93年 12月","  3,418","      4","      1","    220","  1,768","  1,334","     85","      3","      3","  2,946","      3","      1","    195","  1,547","  1,124","     70","      3","      3","    472","      1","      -","     25","    221","    210","     15","      -","      -"
"94年"," 51,376","     89","      9","  3,434"," 26,309"," 20,146","  1,319","     18","     52"," 43,188","     56","      6","  3,012"," 22,425"," 16,521","  1,112","     14","     42","  8,188","     33","      3","    422","  3,884","  3,625","    207","      4","     10"
"94年 1月","  5,612","     12","      -","    405","  2,870","  2,189","    132","      4","      -","  4,750","      6","      -","    358","  2,450","  1,817","    115","      4","      -","    862","      6","      -","     47","    420","    372","     17","      -","      -"
"94年 2月","  3,708","      5","      1","    276","  1,830","  1,508","     80","      2","      6","  3,106","      4","      1","    246","  1,559","  1,223","     66","      1","      6","    602","      1","      -","     30","    271","    285","     14","      1","      -"
"94年 3月","  3,978","      7","      -","    244","  2,092","  1,538","     93","      -","      4","  3,373","      7","      -","    219","  1,791","  1,275","     77","      -","      4","    605","      -","      -","     25","    301","    263","     16","      -","      -"
"94年 4月","  4,042","      4","      1","    258","  2,071","  1,568","    136","      1","      3","  3,446","      -","      -","    222","  1,795","  1,312","    115","      -","      2","    596","      4","      1","     36","    276","    256","     21","      1","      1"
"94年 5月","  4,460","      8","      1","    297","  2,258","  1,784","     99","      2","     11","  3,723","      3","      1","    266","  1,921","  1,435","     87","      1","      9","    737","      5","      -","     31","    337","    349","     12","      1","      2"
"94年 6月","  4,090","      5","      -","    277","  2,059","  1,645","     97","      -","      7","  3,453","      2","      -","    241","  1,744","  1,381","     81","      -","      4","    637","      3","      -","     36","    315","    264","     16","      -","      3"
"94年 7月","  4,825","     11","      -","    310","  2,508","  1,858","    130","      3","      5","  4,029","      6","      -","    262","  2,133","  1,516","    105","      3","      4","    796","      5","      -","     48","    375","    342","     25","      -","      1"
"94年 8月","  5,166","      7","      -","    321","  2,626","  2,065","    145","      2","      -","  4,303","      5","      -","    278","  2,231","  1,668","    119","      2","      -","    863","      2","      -","     43","    395","    397","     26","      -","      -"
"94年 9月","  4,638","      8","      1","    331","  2,489","  1,676","    129","      -","      4","  3,909","      6","      1","    294","  2,129","  1,370","    106","      -","      3","    729","      2","      -","     37","    360","    306","     23","      -","      1"
"94年 10月","  4,239","      6","      3","    287","  2,193","  1,621","    124","      2","      3","  3,519","      4","      1","    251","  1,847","  1,306","    107","      2","      1","    720","      2","      2","     36","    346","    315","     17","      -","      2"
"94年 11月","  3,710","      5","      -","    228","  1,866","  1,517","     86","      -","      8","  3,132","      4","      -","    202","  1,611","  1,234","     73","      -","      8","    578","      1","      -","     26","    255","    283","     13","      -","      -"
"94年 12月","  2,908","     11","      2","    200","  1,447","  1,177","     68","      2","      1","  2,445","      9","      2","    173","  1,214","    984","     61","      1","      1","    463","      2","      -","     27","    233","    193","      7","      1","      -"
"95年"," 47,257","     72","      6","  3,037"," 24,063"," 18,612","  1,295","     18","    154"," 39,461","     49","      4","  2,613"," 20,430"," 15,181","  1,055","     18","    111","  7,796","     23","      2","    424","  3,633","  3,431","    240","      -","     43"
"95年 1月","  4,772","     10","      -","    340","  2,467","  1,861","     90","      1","      3","  4,000","      6","      -","    295","  2,109","  1,512","     76","      1","      1","    772","      4","      -","     45","    358","    349","     14","      -","      2"
"95年 2月","  3,473","      7","      1","    224","  1,737","  1,362","    139","      -","      3","  2,881","      5","      -","    192","  1,473","  1,106","    103","      -","      2","    592","      2","      1","     32","    264","    256","     36","      -","      1"
"95年 3月","  3,538","      1","      -","    223","  1,794","  1,413","    105","      2","      -","  2,940","      -","      -","    187","  1,501","  1,164","     86","      2","      -","    598","      1","      -","     36","    293","    249","     19","      -","      -"
"95年 4月","  3,986","      4","      -","    225","  1,941","  1,699","    114","      1","      2","  3,304","      2","      -","    195","  1,625","  1,387","     92","      1","      2","    682","      2","      -","     30","    316","    312","     22","      -","      -"
"95年 5月","  3,624","      3","      -","    217","  1,846","  1,435","    112","      1","     10","  2,977","      2","      -","    183","  1,553","  1,133","     97","      1","      8","    647","      1","      -","     34","    293","    302","     15","      -","      2"
"95年 6月","  3,292","      3","      -","    213","  1,588","  1,391","     77","      -","     20","  2,742","      3","      -","    182","  1,347","  1,132","     63","      -","     15","    550","      -","      -","     31","    241","    259","     14","      -","      5"
"95年 7月","  3,982","      7","      -","    264","  2,137","  1,432","    111","      2","     29","  3,297","      6","      -","    224","  1,804","  1,155","     89","      2","     17","    685","      1","      -","     40","    333","    277","     22","      -","     12"
"95年 8月","  5,419","     12","      -","    356","  2,839","  2,042","    147","      3","     20","  4,508","      8","      -","    302","  2,414","  1,651","    119","      3","     11","    911","      4","      -","     54","    425","    391","     28","      -","      9"
"95年 9月","  3,866","      5","      -","    253","  2,008","  1,479","     98","      1","     22","  3,244","      1","      -","    218","  1,702","  1,224","     82","      1","     16","    622","      4","      -","     35","    306","    255","     16","      -","      6"
"95年 10月","  3,590","      8","      2","    210","  1,928","  1,333","     93","      2","     14","  3,014","      6","      1","    187","  1,633","  1,093","     81","      2","     11","    576","      2","      1","     23","    295","    240","     12","      -","      3"
"95年 11月","  4,242","      7","      2","    266","  2,089","  1,733","    120","      1","     24","  3,633","      6","      2","    232","  1,835","  1,439","     97","      1","     21","    609","      1","      -","     34","    254","    294","     23","      -","      3"
"95年 12月","  3,473","      5","      1","    246","  1,689","  1,432","     89","      4","      7","  2,921","      4","      1","    216","  1,434","  1,185","     70","      4","      7","    552","      1","      -","     30","    255","    247","     19","      -","      -"
"96年"," 53,681","     67","     11","  3,270"," 26,078"," 22,772","  1,320","     21","    142"," 45,663","     41","      5","  2,877"," 22,471"," 19,053","  1,072","     18","    126","  8,018","     26","      6","    393","  3,607","  3,719","    248","      3","     16"
"96年 1月","  3,425","      9","      -","    221","  1,623","  1,453","    104","      3","     12","  2,891","      7","      -","    183","  1,398","  1,197","     92","      2","     12","    534","      2","      -","     38","    225","    256","     12","      1","      -"
"96年 2月","  5,420","      6","      -","    338","  2,625","  2,302","    129","      1","     19","  4,572","      3","      -","    284","  2,274","  1,892","    101","      1","     17","    848","      3","      -","     54","    351","    410","     28","      -","      2"
"96年 3月","  4,357","      5","      1","    270","  2,069","  1,871","    136","      -","      5","  3,666","      2","      -","    243","  1,755","  1,554","    108","      -","      4","    691","      3","      1","     27","    314","    317","     28","      -","      1"
"96年 4月","  3,575","      3","      2","    181","  1,732","  1,551","     99","      1","      6","  3,025","      2","      2","    161","  1,479","  1,291","     84","      1","      5","    550","      1","      -","     20","    253","    260","     15","      -","      1"
"96年 5月","  4,255","      5","      2","    233","  2,092","  1,797","    110","      1","     15","  3,561","      4","      -","    204","  1,759","  1,484","     96","      1","     13","    694","      1","      2","     29","    333","    313","     14","      -","      2"
"96年 6月","  3,667","      7","      -","    246","  1,760","  1,546","     96","      2","     10","  3,099","      3","      -","    219","  1,493","  1,299","     76","      1","      8","    568","      4","      -","     27","    267","    247","     20","      1","      2"
"96年 7月","  5,347","     12","      -","    305","  2,675","  2,193","    131","      3","     28","  4,473","      7","      -","    276","  2,272","  1,795","     97","      3","     23","    874","      5","      -","     29","    403","    398","     34","      -","      5"
"96年 8月","  5,552","      8","      -","    350","  2,814","  2,239","    126","      1","     14","  4,772","      3","      -","    319","  2,457","  1,877","    102","      1","     13","    780","      5","      -","     31","    357","    362","     24","      -","      1"
"96年 9月","  4,750","      2","      1","    281","  2,335","  2,021","     97","      2","     11","  4,077","      2","      1","    238","  2,029","  1,721","     73","      2","     11","    673","      -","      -","     43","    306","    300","     24","      -","      -"
"96年 10月","  4,902","      2","      2","    326","  2,357","  2,087","    117","      4","      7","  4,226","      1","      1","    285","  2,054","  1,778","     97","      3","      7","    676","      1","      1","     41","    303","    309","     20","      1","      -"
"96年 11月","  4,447","      4","      1","    270","  2,128","  1,952","     87","      1","      4","  3,891","      4","      1","    246","  1,886","  1,679","     70","      1","      4","    556","      -","      -","     24","    242","    273","     17","      -","      -"
"96年 12月","  3,984","      4","      2","    249","  1,868","  1,760","     88","      2","     11","  3,410","      3","      -","    219","  1,615","  1,486","     76","      2","      9","    574","      1","      2","     30","    253","    274","     12","      -","      2"
"97年"," 52,762","     72","      7","  2,971"," 25,316"," 22,971","  1,313","     21","     91"," 45,299","     54","      5","  2,655"," 22,115"," 19,276","  1,100","     19","     75","  7,463","     18","      2","    316","  3,201","  3,695","    213","      2","     16"
"97年 1月","  4,919","      6","      -","    300","  2,353","  2,122","    127","      1","     10","  4,248","      5","      -","    275","  2,059","  1,793","    107","      1","      8","    671","      1","      -","     25","    294","    329","     20","      -","      2"
"97年 2月","  4,412","      7","      -","    284","  2,163","  1,844","    102","      2","     10","  3,824","      4","      -","    251","  1,925","  1,551","     84","      1","      8","    588","      3","      -","     33","    238","    293","     18","      1","      2"
"97年 3月","  4,745","      6","      2","    251","  2,364","  1,980","    129","      2","     11","  4,101","      5","      2","    224","  2,077","  1,677","    106","      2","      8","    644","      1","      -","     27","    287","    303","     23","      -","      3"
"97年 4月","  4,162","      1","      -","    248","  2,085","  1,729","     91","      3","      5","  3,598","      1","      -","    225","  1,820","  1,473","     71","      3","      5","    564","      -","      -","     23","    265","    256","     20","      -","      -"
"97年 5月","  4,484","      6","      -","    265","  2,147","  1,926","    129","      2","      9","  3,865","      3","      -","    233","  1,886","  1,629","    105","      2","      7","    619","      3","      -","     32","    261","    297","     24","      -","      2"
"97年 6月","  4,042","      3","      1","    229","  1,975","  1,737","     88","      -","      9","  3,478","      3","      -","    207","  1,735","  1,450","     76","      -","      7","    564","      -","      1","     22","    240","    287","     12","      -","      2"
"97年 7月","  6,301","     11","      1","    332","  3,016","  2,762","    175","      1","      3","  5,366","      9","      1","    292","  2,598","  2,311","    152","      1","      2","    935","      2","      -","     40","    418","    451","     23","      -","      1"
"97年 8月","  5,905","     12","      1","    318","  2,792","  2,642","    123","      3","     14","  5,026","     11","      1","    282","  2,433","  2,181","    102","      3","     13","    879","      1","      -","     36","    359","    461","     21","      -","      1"
"97年 9月","  4,018","      8","      1","    220","  1,902","  1,765","    117","      2","      3","  3,494","      6","      -","    200","  1,679","  1,500","    106","      1","      2","    524","      2","      1","     20","    223","    265","     11","      1","      1"
"97年 10月","  3,799","      3","      -","    204","  1,808","  1,690","     90","      3","      1","  3,217","      2","      -","    185","  1,566","  1,390","     70","      3","      1","    582","      1","      -","     19","    242","    300","     20","      -","      -"
"97年 11月","  3,148","      2","      -","    175","  1,447","  1,435","     79","      1","      9","  2,689","      2","      -","    156","  1,252","  1,203","     68","      1","      7","    459","      -","      -","     19","    195","    232","     11","      -","      2"
"97年 12月","  2,827","      7","      1","    145","  1,264","  1,339","     63","      1","      7","  2,393","      3","      1","    125","  1,085","  1,118","     53","      1","      7","    434","      4","      -","     20","    179","    221","     10","      -","      -"
"98年"," 47,400","     53","     10","  2,352"," 20,936"," 22,494","  1,316","     25","    214"," 40,271","     38","      7","  2,050"," 18,046"," 18,821","  1,102","     24","    183","  7,129","     15","      3","    302","  2,890","  3,673","    214","      1","     31"
"98年 1月","  3,619","      4","      -","    200","  1,694","  1,616","     96","      6","      3","  3,114","      3","      -","    176","  1,456","  1,389","     82","      6","      2","    505","      1","      -","     24","    238","    227","     14","      -","      1"
"98年 2月","  4,021","      4","      1","    223","  1,932","  1,751","    109","      -","      1","  3,460","      4","      1","    197","  1,672","  1,487","     98","      -","      1","    561","      -","      -","     26","    260","    264","     11","      -","      -"
"98年 3月","  4,108","      8","      2","    223","  1,892","  1,878","    101","      1","      3","  3,464","      5","      2","    195","  1,610","  1,564","     85","      1","      2","    644","      3","      -","     28","    282","    314","     16","      -","      1"
"98年 4月","  4,038","      3","      1","    198","  1,780","  1,933","    119","      -","      4","  3,444","      2","      -","    171","  1,543","  1,627","     97","      -","      4","    594","      1","      1","     27","    237","    306","     22","      -","      -"
"98年 5月","  3,703","      4","      -","    197","  1,676","  1,698","    112","      1","     15","  3,160","      2","      -","    173","  1,457","  1,417","     96","      1","     14","    543","      2","      -","     24","    219","    281","     16","      -","      1"
"98年 6月","  3,116","      1","      2","    146","  1,335","  1,542","     79","      3","      8","  2,630","      1","      1","    124","  1,143","  1,284","     68","      3","      6","    486","      -","      1","     22","    192","    258","     11","      -","      2"
"98年 7月","  5,482","      6","      3","    234","  2,473","  2,595","    142","      1","     28","  4,633","      4","      3","    203","  2,121","  2,161","    117","      1","     23","    849","      2","      -","     31","    352","    434","     25","      -","      5"
"98年 8月","  4,976","     11","      -","    228","  2,127","  2,418","    110","      7","     75","  4,214","      9","      -","    196","  1,848","  2,003","     85","      7","     66","    762","      2","      -","     32","    279","    415","     25","      -","      9"
"98年 9月","  3,694","      -","      -","    185","  1,618","  1,740","    127","      1","     23","  3,130","      -","      -","    162","  1,388","  1,448","    111","      1","     20","    564","      -","      -","     23","    230","    292","     16","      -","      3"
"98年 10月","  3,844","      1","      -","    200","  1,623","  1,868","    125","      2","     25","  3,219","      -","      -","    172","  1,386","  1,539","     98","      2","     22","    625","      1","      -","     28","    237","    329","     27","      -","      3"
"98年 11月","  3,572","      6","      1","    174","  1,448","  1,822","    100","      2","     19","  3,036","      5","      -","    154","  1,238","  1,542","     81","      1","     15","    536","      1","      1","     20","    210","    280","     19","      1","      4"
"98年 12月","  3,227","      5","      -","    144","  1,338","  1,633","     96","      1","     10","  2,767","      3","      -","    127","  1,184","  1,360","     84","      1","      8","    460","      2","      -","     17","    154","    273","     12","      -","      2"
"99年"," 51,078","     44","      5","  2,203"," 21,892"," 25,206","  1,439","     23","    266"," 43,401","     27","      2","  1,925"," 18,927"," 21,073","  1,206","     19","    222","  7,677","     17","      3","    278","  2,965","  4,133","    233","      4","     44"
"99年 1月","  3,118","      1","      1","    133","  1,270","  1,609","     82","      1","     21","  2,644","      -","      -","    119","  1,105","  1,332","     67","      1","     20","    474","      1","      1","     14","    165","    277","     15","      -","      1"
"99年 2月","  5,079","      8","      -","    236","  2,260","  2,407","    141","      3","     24","  4,349","      5","      -","    213","  1,979","  2,016","    116","      2","     18","    730","      3","      -","     23","    281","    391","     25","      1","      6"
"99年 3月","  4,448","      4","      -","    203","  1,932","  2,163","    115","      -","     31","  3,749","      1","      -","    182","  1,636","  1,800","    105","      -","     25","    699","      3","      -","     21","    296","    363","     10","      -","      6"
"99年 4月","  4,178","      3","      -","    188","  1,800","  2,046","    119","      -","     22","  3,547","      -","      -","    164","  1,555","  1,711","     98","      -","     19","    631","      3","      -","     24","    245","    335","     21","      -","      3"
"99年 5月","  4,290","      5","      -","    184","  1,768","  2,162","    127","      2","     42","  3,654","      4","      -","    161","  1,532","  1,814","    103","      2","     38","    636","      1","      -","     23","    236","    348","     24","      -","      4"
"99年 6月","  3,434","      4","      1","    122","  1,412","  1,761","    108","      3","     23","  2,925","      3","      1","    108","  1,228","  1,477","     88","      2","     18","    509","      1","      -","     14","    184","    284","     20","      1","      5"
"99年 7月","  5,170","      6","      -","    206","  2,211","  2,598","    129","      1","     19","  4,372","      5","      -","    176","  1,894","  2,169","    111","      1","     16","    798","      1","      -","     30","    317","    429","     18","      -","      3"
"99年 8月","  5,424","      5","      -","    230","  2,299","  2,701","    142","      5","     42","  4,602","      3","      -","    203","  1,978","  2,262","    123","      3","     30","    822","      2","      -","     27","    321","    439","     19","      2","     12"
"99年 9月","  4,339","      2","      2","    168","  1,936","  2,089","    124","      3","     15","  3,701","      2","      -","    146","  1,682","  1,753","    102","      3","     13","    638","      -","      2","     22","    254","    336","     22","      -","      2"
"99年 10月","  4,258","      2","      -","    196","  1,856","  2,074","    115","      3","     12","  3,651","      2","      -","    169","  1,627","  1,742","     98","      3","     10","    607","      -","      -","     27","    229","    332","     17","      -","      2"
"99年 11月","  4,344","      4","      -","    197","  1,871","  2,131","    134","      1","      6","  3,661","      2","      -","    165","  1,600","  1,780","    107","      1","      6","    683","      2","      -","     32","    271","    351","     27","      -","      -"
"99年 12月","  2,996","      -","      1","    140","  1,277","  1,465","    103","      1","      9","  2,546","      -","      1","    119","  1,111","  1,217","     88","      1","      9","    450","      -","      -","     21","    166","    248","     15","      -","      -"
"100年"," 48,875","     47","      3","  1,896"," 20,105"," 25,044","  1,418","     15","    347"," 41,453","     38","      1","  1,646"," 17,213"," 21,031","  1,211","     13","    300","  7,422","      9","      2","    250","  2,892","  4,013","    207","      2","     47"
"100年 1月","  4,425","      6","      -","    193","  1,801","  2,265","    137","      2","     21","  3,772","      6","      -","    165","  1,536","  1,930","    115","      -","     20","    653","      -","      -","     28","    265","    335","     22","      2","      1"
"100年 2月","  3,282","      1","      1","    115","  1,397","  1,637","    116","      2","     13","  2,820","      1","      1","    104","  1,190","  1,409","    101","      2","     12","    462","      -","      -","     11","    207","    228","     15","      -","      1"
"100年 3月","  4,489","      1","      -","    166","  1,807","  2,356","    136","      -","     23","  3,818","      1","      -","    144","  1,544","  1,992","    119","      -","     18","    671","      -","      -","     22","    263","    364","     17","      -","      5"
"100年 4月","  3,931","      6","      -","    140","  1,709","  1,934","    128","      2","     12","  3,308","      5","      -","    115","  1,468","  1,600","    108","      2","     10","    623","      1","      -","     25","    241","    334","     20","      -","      2"
"100年 5月","  4,108","      2","      -","    170","  1,709","  2,076","    118","      2","     31","  3,470","      1","      -","    141","  1,458","  1,743","     97","      2","     28","    638","      1","      -","     29","    251","    333","     21","      -","      3"
"100年 6月","  3,349","      4","      1","    107","  1,433","  1,705","     79","      1","     19","  2,841","      3","      -","     92","  1,239","  1,415","     74","      1","     17","    508","      1","      1","     15","    194","    290","      5","      -","      2"
"100年 7月","  5,723","      6","      -","    190","  2,321","  3,030","    138","      1","     37","  4,859","      6","      -","    168","  1,994","  2,538","    119","      1","     33","    864","      -","      -","     22","    327","    492","     19","      -","      4"
"100年 8月","  5,582","      7","      -","    194","  2,309","  2,906","    119","      -","     47","  4,727","      6","      -","    170","  1,970","  2,437","    103","      -","     41","    855","      1","      -","     24","    339","    469","     16","      -","      6"
"100年 9月","  3,555","      6","      -","    145","  1,426","  1,812","    120","      1","     45","  3,001","      4","      -","    131","  1,215","  1,516","     99","      1","     35","    554","      2","      -","     14","    211","    296","     21","      -","     10"
"100年 10月","  3,766","      6","      -","    167","  1,487","  1,945","    118","      1","     42","  3,205","      4","      -","    149","  1,280","  1,638","     97","      1","     36","    561","      2","      -","     18","    207","    307","     21","      -","      6"
"100年 11月","  3,918","      1","      -","    179","  1,641","  1,956","    112","      1","     28","  3,304","      1","      -","    153","  1,416","  1,618","     90","      1","     25","    614","      -","      -","     26","    225","    338","     22","      -","      3"
"100年 12月","  2,747","      1","      1","    130","  1,065","  1,422","     97","      2","     29","  2,328","      -","      -","    114","    903","  1,195","     89","      2","     25","    419","      1","      1","     16","    162","    227","      8","      -","      4"
"101年"," 47,043","     39","      2","  1,634"," 18,527"," 24,887","  1,567","     23","    364"," 39,968","     21","      2","  1,377"," 16,057"," 20,844","  1,328","     22","    317","  7,075","     18","      -","    257","  2,470","  4,043","    239","      1","     47"
"101年 1月","  3,561","      4","      -","    151","  1,522","  1,752","    109","      2","     21","  2,980","      3","      -","    124","  1,283","  1,459","     92","      2","     17","    581","      1","      -","     27","    239","    293","     17","      -","      4"
"101年 2月","  3,938","      3","      -","    176","  1,572","  1,995","    147","      2","     43","  3,389","      3","      -","    149","  1,386","  1,688","    123","      2","     38","    549","      -","      -","     27","    186","    307","     24","      -","      5"
"101年 3月","  3,872","      3","      -","    124","  1,573","  2,014","    101","      4","     53","  3,274","      1","      -","    106","  1,353","  1,673","     88","      4","     49","    598","      2","      -","     18","    220","    341","     13","      -","      4"
"101年 4月","  4,237","     10","      -","    153","  1,789","  2,111","    140","      -","     34","  3,578","      5","      -","    115","  1,555","  1,756","    119","      -","     28","    659","      5","      -","     38","    234","    355","     21","      -","      6"
"101年 5月","  3,952","      5","      -","    136","  1,597","  2,070","    113","      4","     27","  3,358","      3","      -","    111","  1,368","  1,750","     96","      4","     26","    594","      2","      -","     25","    229","    320","     17","      -","      1"
"101年 6月","  2,647","      1","      -","     79","  1,063","  1,415","     64","      -","     25","  2,225","      1","      -","     63","    921","  1,165","     53","      -","     22","    422","      -","      -","     16","    142","    250","     11","      -","      3"
"101年 7月","  4,660","      3","      -","    154","  1,874","  2,400","    187","      1","     41","  3,954","      -","      -","    135","  1,619","  1,998","    168","      1","     33","    706","      3","      -","     19","    255","    402","     19","      -","      8"
"101年 8月","  4,891","      2","      1","    143","  1,911","  2,623","    184","      5","     22","  4,172","      2","      1","    125","  1,657","  2,214","    150","      4","     19","    719","      -","      -","     18","    254","    409","     34","      1","      3"
"101年 9月","  3,766","      1","      -","    126","  1,438","  2,043","    130","      -","     28","  3,218","      1","      -","    105","  1,266","  1,714","    105","      -","     27","    548","      -","      -","     21","    172","    329","     25","      -","      1"
"101年 10月","  4,039","      4","      1","    155","  1,520","  2,183","    145","      5","     26","  3,431","      1","      1","    137","  1,319","  1,821","    127","      5","     20","    608","      3","      -","     18","    201","    362","     18","      -","      6"
"101年 11月","  4,012","      3","      -","    136","  1,476","  2,249","    123","      -","     25","  3,421","      1","      -","    117","  1,280","  1,897","    103","      -","     23","    591","      2","      -","     19","    196","    352","     20","      -","      2"
"101年 12月","  3,468","      -","      -","    101","  1,192","  2,032","    124","      -","     19","  2,968","      -","      -","     90","  1,050","  1,709","    104","      -","     15","    500","      -","      -","     11","    142","    323","     20","      -","      4"
"102年"," 43,268","     27","      3","  1,179"," 15,172"," 25,099","  1,422","     30","    336"," 36,994","     20","      3","  1,024"," 13,252"," 21,205","  1,182","     26","    282","  6,274","      7","      -","    155","  1,920","  3,894","    240","      4","     54"
"102年 1月","  3,586","      3","      -","    101","  1,287","  2,010","    152","      4","     29","  3,022","      1","      -","     89","  1,108","  1,670","    130","      2","     22","    564","      2","      -","     12","    179","    340","     22","      2","      7"
"102年 2月","  4,349","      1","      -","     99","  1,616","  2,435","    173","      3","     22","  3,702","      1","      -","     90","  1,387","  2,065","    135","      3","     21","    647","      -","      -","      9","    229","    370","     38","      -","      1"
"102年 3月","  4,202","      3","      -","    111","  1,473","  2,475","    115","      1","     24","  3,610","      3","      -","    100","  1,302","  2,086","     96","      1","     22","    592","      -","      -","     11","    171","    389","     19","      -","      2"
"102年 4月","  3,368","      4","      -","     89","  1,158","  1,968","    126","      3","     20","  2,891","      1","      -","     71","  1,018","  1,671","    109","      3","     18","    477","      3","      -","     18","    140","    297","     17","      -","      2"
"102年 5月","  3,737","      4","      1","    109","  1,246","  2,230","    118","      2","     27","  3,234","      4","      1","     96","  1,117","  1,891","    101","      2","     22","    503","      -","      -","     13","    129","    339","     17","      -","      5"
"102年 6月","  3,056","      -","      1","     90","  1,020","  1,833","     89","      1","     22","  2,596","      -","      1","     79","    890","  1,535","     73","      1","     17","    460","      -","      -","     11","    130","    298","     16","      -","      5"
"102年 7月","  3,989","      4","      1","     83","  1,355","  2,376","    143","      7","     20","  3,431","      3","      1","     74","  1,169","  2,036","    123","      7","     18","    558","      1","      -","      9","    186","    340","     20","      -","      2"
"102年 8月","  3,822","      -","      -","    101","  1,310","  2,238","    142","      4","     27","  3,270","      -","      -","     87","  1,152","  1,893","    114","      3","     21","    552","      -","      -","     14","    158","    345","     28","      1","      6"
"102年 9月","  3,306","      2","      -","     98","  1,169","  1,917","     80","      2","     38","  2,848","      2","      -","     86","  1,018","  1,640","     68","      2","     32","    458","      -","      -","     12","    151","    277","     12","      -","      6"
"102年 10月","  3,501","      1","      -","    118","  1,220","  2,011","    111","      2","     38","  2,987","      -","      -","    103","  1,058","  1,704","     88","      2","     32","    514","      1","      -","     15","    162","    307","     23","      -","      6"
"102年 11月","  3,664","      2","      -","    121","  1,354","  2,055","     86","      1","     45","  3,120","      2","      -","    100","  1,187","  1,725","     71","      -","     35","    544","      -","      -","     21","    167","    330","     15","      1","     10"
"102年 12月","  2,688","      3","      -","     59","    964","  1,551","     87","      -","     24","  2,283","      3","      -","     49","    846","  1,289","     74","      -","     22","    405","      -","      -","     10","    118","    262","     13","      -","      2"
"103年","      -","      -","      -","      -","      -","      -","      -","      -","      -","      -","      -","      -","      -","      -","      -","      -","      -","      -","      -","      -","      -","      -","      -","      -","      -","      -","      -"
"103年 1月","      -","      -","      -","      -","      -","      -","      -","      -","      -","      -","      -","      -","      -","      -","      -","      -","      -","      -","      -","      -","      -","      -","      -","      -","      -","      -","      -"
"103年 2月","      -","      -","      -","      -","      -","      -","      -","      -","      -","      -","      -","      -","      -","      -","      -","      -","      -","      -","      -","      -","      -","      -","      -","      -","      -","      -","      -"
"103年 3月","      -","      -","      -","      -","      -","      -","      -","      -","      -","      -","      -","      -","      -","      -","      -","      -","      -","      -","      -","      -","      -","      -","      -","      -","      -","      -","      -"
"103年 4月","      -","      -","      -","      -","      -","      -","      -","      -","      -","      -","      -","      -","      -","      -","      -","      -","      -","      -","      -","      -","      -","      -","      -","      -","      -","      -","      -"
"103年 5月","      -","      -","      -","      -","      -","      -","      -","      -","      -","      -","      -","      -","      -","      -","      -","      -","      -","      -","      -","      -","      -","      -","      -","      -","      -","      -","      -"
"103年 6月","      -","      -","      -","      -","      -","      -","      -","      -","      -","      -","      -","      -","      -","      -","      -","      -","      -","      -","      -","      -","      -","      -","      -","      -","      -","      -","      -"
"103年 7月","      -","      -","      -","      -","      -","      -","      -","      -","      -","      -","      -","      -","      -","      -","      -","      -","      -","      -","      -","      -","      -","      -","      -","      -","      -","      -","      -"
"103年 8月","      -","      -","      -","      -","      -","      -","      -","      -","      -","      -","      -","      -","      -","      -","      -","      -","      -","      -","      -","      -","      -","      -","      -","      -","      -","      -","      -"
"103年 9月","      -","      -","      -","      -","      -","      -","      -","      -","      -","      -","      -","      -","      -","      -","      -","      -","      -","      -","      -","      -","      -","      -","      -","      -","      -","      -","      -"
"103年 10月","      -","      -","      -","      -","      -","      -","      -","      -","      -","      -","      -","      -","      -","      -","      -","      -","      -","      -","      -","      -","      -","      -","      -","      -","      -","      -","      -"
"103年 11月","      -","      -","      -","      -","      -","      -","      -","      -","      -","      -","      -","      -","      -","      -","      -","      -","      -","      -","      -","      -","      -","      -","      -","      -","      -","      -","      -"
"103年 12月","      -","      -","      -","      -","      -","      -","      -","      -","      -","      -","      -","      -","      -","      -","      -","      -","      -","      -","      -","      -","      -","      -","      -","      -","      -","      -","      -"

